cat_id,cat_parent,category,count_offers,timebank
8,is_parent,"Arts, Crafts & Music",3,addington
62,8,Crafts,2,addington
67,8,Miscellaneous,1,addington
65,8,Photo & Video,1,addington
0,is_parent,Business Services,6,addington
75,0,Clerical,2,addington
76,0,Computer Support,4,addington
8,0,Miscellaneous,1,addington
74,0,Proof Reading,1,addington
4,is_parent,Community Activities,5,addington
33,4,Clean-up / Recycling,1,addington
34,4,Community Service,2,addington
75,4,Events,1,addington
35,4,Fund-raising,1,addington
36,4,Help Our TimeBank!,1,addington
37,4,Special Projects,1,addington
38,4,Work For Social Change,1,addington
3,is_parent,Companionship,2,addington
28,3,Email / IM,1,addington
29,3,Home Visits,1,addington
32,3,Miscellaneous,1,addington
3,3,Telephone Calls,2,addington
7,is_parent,Education,7,addington
56,7,Computers / Technology,5,addington
58,7,Personal Finances,1,addington
59,7,Tutoring / Mentoring,1,addington
2,is_parent,Help At Home,9,addington
9,2,Child Care,1,addington
20,2,Cooking & Baking,2,addington
2,2,Hair & Beauty,1,addington
22,2,Housekeeping / Chores,1,addington
25,2,Miscellaneous,2,addington
23,2,Pet Care,1,addington
73,2,Sewing,1,addington
9,is_parent,Home,6,addington
69,9,Carpentry / Construction,2,addington
70,9,Electrical,2,addington
7,9,Garden & Yard Work,1,addington
74,9,Miscellaneous,3,addington
8,is_parent,"Arts, Crafts & Music",0,aha
0,is_parent,Business Services,0,aha
4,is_parent,Community Activities,0,aha
7,is_parent,Education,0,aha
57,is_parent,Gardens,0,aha
2,is_parent,Help At Home,0,aha
9,is_parent,Home,0,aha
8,is_parent,"Arts, Crafts & Music",0,alticultura
0,is_parent,Business Services,0,alticultura
4,is_parent,Community Activities,0,alticultura
3,is_parent,Companionship,0,alticultura
7,is_parent,Education,0,alticultura
2,is_parent,Help At Home,0,alticultura
9,is_parent,Home,0,alticultura
8,is_parent,"Arts, Crafts & Music",0,andersoncommunity
0,is_parent,Business Services,0,andersoncommunity
4,is_parent,Community Activities,0,andersoncommunity
3,is_parent,Companionship,0,andersoncommunity
7,is_parent,Education,0,andersoncommunity
2,is_parent,Help At Home,0,andersoncommunity
9,is_parent,Home,0,andersoncommunity
8,is_parent,"Arts, Crafts & Music",0,ate
0,is_parent,Business Services,2,ate
75,0,Clerical,1,ate
76,0,Computer Support,1,ate
8,0,Miscellaneous,1,ate
4,is_parent,Community Activities,0,ate
3,is_parent,Companionship,0,ate
7,is_parent,Education,1,ate
56,7,Computers / Technology,1,ate
2,is_parent,Help At Home,1,ate
22,2,Housekeeping / Chores,1,ate
24,2,Respite Care,1,ate
9,is_parent,Home,0,ate
8,is_parent,"Arts, Crafts & Music",0,avl
0,is_parent,Business Services,0,avl
4,is_parent,Community Activities,0,avl
3,is_parent,Companionship,0,avl
7,is_parent,Education,0,avl
2,is_parent,Help At Home,0,avl
9,is_parent,Home,0,avl
8,is_parent,"Arts, Crafts & Music",16,atx
6,8,Classes,2,atx
62,8,Crafts,1,atx
64,8,Lessons,5,atx
67,8,Miscellaneous,8,atx
65,8,Photo & Video,3,atx
0,is_parent,Business Services,9,atx
75,0,Clerical,1,atx
76,0,Computer Support,2,atx
79,0,Marketing,1,atx
8,0,Miscellaneous,5,atx
4,is_parent,Community Activities,4,atx
33,4,Clean-up / Recycling,1,atx
34,4,Community Service,1,atx
39,4,Miscellaneous,1,atx
38,4,Work For Social Change,1,atx
3,is_parent,Companionship,3,atx
26,3,Clubs,1,atx
32,3,Miscellaneous,2,atx
7,is_parent,Education,16,atx
54,7,Advocacy,1,atx
55,7,Classes / Workshops,2,atx
56,7,Computers / Technology,4,atx
60,7,Miscellaneous,5,atx
59,7,Tutoring / Mentoring,6,atx
2,is_parent,Help At Home,21,atx
9,2,Child Care,1,atx
20,2,Cooking & Sewing,7,atx
22,2,Housekeeping / Chores,5,atx
25,2,Miscellaneous,7,atx
23,2,Pet Care,1,atx
24,2,Respite Care,1,atx
9,is_parent,Home,15,atx
69,9,Carpentry / Construction,1,atx
7,9,Garden & Yard Work,3,atx
74,9,Miscellaneous,9,atx
72,9,Painting,2,atx
2,is_parent,Aide a la Maison,0,labodunautilus
8,is_parent,"Arts, Travaux manuels & Musique",0,labodunautilus
8,is_parent,"Arts, Crafts & Music",1,blackhills
62,8,Crafts,1,blackhills
0,is_parent,Business Services,0,blackhills
4,is_parent,Community Activities,0,blackhills
3,is_parent,Companionship,0,blackhills
7,is_parent,Education,0,blackhills
2,is_parent,Help At Home,0,blackhills
9,is_parent,Home,1,blackhills
7,9,Garden & Yard Work,1,blackhills
8,is_parent,Arts,13,ujimaboston
2,8,Art,3,ujimaboston
62,8,Crafts,5,ujimaboston
92,8,Fiber Arts,1,ujimaboston
64,8,Lessons,3,ujimaboston
67,8,Miscellaneous,2,ujimaboston
95,8,Music,1,ujimaboston
97,8,Performance,1,ujimaboston
65,8,Photo & Video,2,ujimaboston
66,8,Theater,1,ujimaboston
87,is_parent,Balance Transfer,0,ujimaboston
4,is_parent,Community Activities,3,ujimaboston
34,4,Community Service,3,ujimaboston
36,4,Help Our TimeBank!,1,ujimaboston
2,is_parent,Help At Home,17,ujimaboston
9,2,Child Care,2,ujimaboston
20,2,Cooking,2,ujimaboston
8,2,Design and decorating,3,ujimaboston
2,2,Hair & Beauty,1,ujimaboston
22,2,Housekeeping / Chores,3,ujimaboston
7,2,Meal planning,1,ujimaboston
25,2,Miscellaneous,3,ujimaboston
5,2,Moving / Hauling,4,ujimaboston
4,2,Organization,7,ujimaboston
23,2,Pet Care,2,ujimaboston
9,is_parent,Home/Car/Bike Maintenance,5,ujimaboston
69,9,Carpentry / Construction,1,ujimaboston
7,9,Garden & Yard Work,2,ujimaboston
74,9,Miscellaneous,1,ujimaboston
72,9,Painting,1,ujimaboston
0,is_parent,Services,10,ujimaboston
75,0,Clerical,1,ujimaboston
76,0,Computer Support,5,ujimaboston
77,0,Financial,1,ujimaboston
8,0,Miscellaneous,2,ujimaboston
9,0,Writing / Editing,3,ujimaboston
7,is_parent,Teaching/Learning,13,ujimaboston
55,7,Classes / Workshops,7,ujimaboston
56,7,Computers / Technology,2,ujimaboston
57,7,Languages / Translation,2,ujimaboston
58,7,Personal Finances,3,ujimaboston
59,7,Tutoring / Mentoring,3,ujimaboston
8,is_parent,"Arts, Crafts & Music",16,brattleboro
62,8,Crafts,10,brattleboro
63,8,Entertainment,2,brattleboro
64,8,Lessons,4,brattleboro
67,8,Miscellaneous,2,brattleboro
0,is_parent,Business Services,12,brattleboro
75,0,Clerical,2,brattleboro
76,0,Computer Support,2,brattleboro
77,0,Financial,1,brattleboro
79,0,Marketing,1,brattleboro
8,0,Miscellaneous,5,brattleboro
213,0,Writing and editing,2,brattleboro
4,is_parent,Community Activities,10,brattleboro
33,4,Clean-up / Recycling,1,brattleboro
210,4,Co-op Hours,1,brattleboro
39,4,Miscellaneous,5,brattleboro
37,4,Special Projects,2,brattleboro
38,4,Work For Social Change,2,brattleboro
3,is_parent,Companionship,5,brattleboro
27,3,Dining Out,1,brattleboro
29,3,Home Visits,1,brattleboro
32,3,Miscellaneous,3,brattleboro
7,is_parent,Education,7,brattleboro
55,7,Classes / Workshops,1,brattleboro
56,7,Computers / Technology,2,brattleboro
57,7,Languages / Translation,1,brattleboro
60,7,Miscellaneous,2,brattleboro
59,7,Tutoring / Mentoring,3,brattleboro
2,is_parent,Help At Home,22,brattleboro
9,2,Child Care,1,brattleboro
20,2,Cooking ,3,brattleboro
2,2,Hair & Beauty,2,brattleboro
25,2,Miscellaneous,11,brattleboro
23,2,Pet Care,6,brattleboro
212,2,Sewing,2,brattleboro
36,is_parent,Help Our Time Bank,2,brattleboro
232,36,Buddy Help,1,brattleboro
352,36,Event Help & Planning,1,brattleboro
9,is_parent,Home,16,brattleboro
68,9,Car Care,1,brattleboro
69,9,Carpentry / Construction,1,brattleboro
209,9,Computer & Tech Help,3,brattleboro
70,9,Electrical,2,brattleboro
7,9,"Garden, Yard, and Farm Work",4,brattleboro
74,9,Miscellaneous,5,brattleboro
2,9,Snow Removal,1,brattleboro
8,is_parent,"Arts, Crafts & Music",1,bridge2rocks
62,8,Crafts,1,bridge2rocks
0,is_parent,Business Services,3,bridge2rocks
76,0,Computer Support,1,bridge2rocks
79,0,Marketing,1,bridge2rocks
8,0,Miscellaneous,2,bridge2rocks
4,is_parent,Community Activities,1,bridge2rocks
38,4,Work For Social Change,1,bridge2rocks
3,is_parent,Companionship,0,bridge2rocks
7,is_parent,Education,7,bridge2rocks
54,7,Advocacy,1,bridge2rocks
55,7,Classes / Workshops,1,bridge2rocks
56,7,Computers / Technology,3,bridge2rocks
57,7,Languages / Translation,1,bridge2rocks
60,7,Miscellaneous,2,bridge2rocks
59,7,Tutoring / Mentoring,3,bridge2rocks
2,is_parent,Help At Home,7,bridge2rocks
20,2,Cooking,1,bridge2rocks
2,2,Hair & Beauty,2,bridge2rocks
25,2,Miscellaneous,3,bridge2rocks
23,2,Pet Care,1,bridge2rocks
53,2,Sewing,1,bridge2rocks
9,is_parent,Home,3,bridge2rocks
69,9,Carpentry / Construction,1,bridge2rocks
70,9,Electrical,1,bridge2rocks
7,9,Gardening,1,bridge2rocks
74,9,Miscellaneous,1,bridge2rocks
8,is_parent,"Arts, Crafts & Music",13,capeann
6,8,Classes,1,capeann
62,8,Crafts,8,capeann
63,8,Entertainment,1,capeann
64,8,Lessons,2,capeann
67,8,Miscellaneous,1,capeann
2,8,Music,2,capeann
0,is_parent,Business Services,7,capeann
79,0,Marketing,4,capeann
8,0,Miscellaneous,3,capeann
80,0,Research,1,capeann
4,is_parent,Community Fund Activities,1,capeann
34,4,Community Service,1,capeann
86,4,Group Projects,1,capeann
38,4,Work For Social Change,1,capeann
3,is_parent,Companionship,3,capeann
27,3,Dining Out,1,capeann
28,3,Email / IM,1,capeann
29,3,Home Visits,1,capeann
32,3,Miscellaneous,1,capeann
3,3,Telephone Calls,1,capeann
7,is_parent,Education,15,capeann
55,7,Classes / Workshops,5,capeann
56,7,Computers / Technology,1,capeann
60,7,Miscellaneous,4,capeann
58,7,Personal Finances,1,capeann
59,7,Tutoring / Mentoring,5,capeann
2,is_parent,Help At Home,17,capeann
20,2,Cooking & Sewing,7,capeann
22,2,Housekeeping / Chores,2,capeann
25,2,Miscellaneous,1,capeann
23,2,Pet Care,6,capeann
24,2,Respite Care,1,capeann
9,is_parent,Help Our TimeBank!,2,capeann
94,9,Host an event,1,capeann
92,9,Staff Table at Farmers Market,1,capeann
9,is_parent,Home,3,capeann
7,9,Garden & Yard Work,2,capeann
74,9,Miscellaneous,1,capeann
8,is_parent,"Arts, Crafts & Music",1,care
67,8,Miscellaneous,1,care
0,is_parent,Business Services,1,care
8,0,Miscellaneous,1,care
4,is_parent,Community Activities,2,care
34,4,Community Service,1,care
36,4,Help Our TimeBank!,1,care
3,is_parent,Companionship,1,care
30,3,Medical Errands,1,care
32,3,Miscellaneous,1,care
3,3,Telephone Calls,1,care
7,is_parent,Education,0,care
2,is_parent,Help At Home,5,care
20,2,Cooking & Sewing,2,care
22,2,Housekeeping / Chores,1,care
25,2,Miscellaneous,2,care
9,is_parent,Home,1,care
7,9,Garden & Yard Work,1,care
8,is_parent,"Arts, Crafts & Music",0,engaging
0,is_parent,Business Services,0,engaging
4,is_parent,Community Activities,0,engaging
3,is_parent,Companionship,0,engaging
7,is_parent,Education,0,engaging
2,is_parent,Help At Home,0,engaging
9,is_parent,Home,0,engaging
8,is_parent,"Arts, Crafts & Music",1,cris
65,8,Photo & Video,1,cris
0,is_parent,Business Services,2,cris
75,0,Clerical,1,cris
76,0,Computer Support,1,cris
4,is_parent,Community Activities,4,cris
34,4,Community Service,2,cris
36,4,Help Our TimeBank!,2,cris
37,4,Special Projects,1,cris
3,is_parent,Companionship,3,cris
29,3,Home Visits,2,cris
32,3,Miscellaneous,1,cris
7,is_parent,Education,1,cris
55,7,Classes / Workshops,1,cris
2,is_parent,Help At Home,4,cris
25,2,Miscellaneous,1,cris
23,2,Pet Care,3,cris
9,is_parent,Home,3,cris
70,9,Electrical,1,cris
7,9,Garden & Yard Work,1,cris
74,9,Miscellaneous,3,cris
73,9,Plumbing,1,cris
8,is_parent,"Arts, Crafts & Music",0,centraliowa
0,is_parent,Business Services,0,centraliowa
4,is_parent,Community Activities,0,centraliowa
3,is_parent,Companionship,0,centraliowa
7,is_parent,Education,0,centraliowa
2,is_parent,Help At Home,0,centraliowa
9,is_parent,Home,0,centraliowa
8,is_parent,"Arts, Crafts & Music",1,lincolnskillshare
6,8,Classes,1,lincolnskillshare
62,8,Crafts,1,lincolnskillshare
64,8,Lessons,1,lincolnskillshare
0,is_parent,Business Services,1,lincolnskillshare
77,0,Financial,1,lincolnskillshare
4,is_parent,Community Activities,2,lincolnskillshare
33,4,Clean-up / Recycling,1,lincolnskillshare
34,4,Community Service,1,lincolnskillshare
36,4,Help Our TimeBank!,1,lincolnskillshare
3,is_parent,Companionship,0,lincolnskillshare
7,is_parent,Education,4,lincolnskillshare
55,7,Classes / Workshops,1,lincolnskillshare
56,7,Computers / Technology,2,lincolnskillshare
57,7,Languages / Translation,1,lincolnskillshare
58,7,Personal Finances,1,lincolnskillshare
2,is_parent,Help At Home,3,lincolnskillshare
25,2,Miscellaneous,1,lincolnskillshare
23,2,Pet Care,2,lincolnskillshare
9,is_parent,Home,0,lincolnskillshare
8,is_parent,"Arts, Crafts & Music",0,nzcentralpermaculture
0,is_parent,Business Services,0,nzcentralpermaculture
4,is_parent,Community Activities,0,nzcentralpermaculture
3,is_parent,Companionship,0,nzcentralpermaculture
7,is_parent,Education,0,nzcentralpermaculture
2,is_parent,Help At Home,0,nzcentralpermaculture
9,is_parent,Home,0,nzcentralpermaculture
8,is_parent,"Arts, Crafts & Music",0,changexchange
0,is_parent,Business Services,0,changexchange
4,is_parent,Community Activities,0,changexchange
3,is_parent,Companionship,0,changexchange
7,is_parent,Education,0,changexchange
2,is_parent,Help At Home,0,changexchange
9,is_parent,Home,0,changexchange
8,is_parent,"Arts, Crafts & Music",0,circlenomic
0,is_parent,Business Services,0,circlenomic
4,is_parent,Community Activities,0,circlenomic
3,is_parent,Companionship,0,circlenomic
7,is_parent,Education,0,circlenomic
2,is_parent,Help At Home,0,circlenomic
9,is_parent,Home,0,circlenomic
8,is_parent,"Arts, Crafts & Music",1,citypark
67,8,Miscellaneous,1,citypark
0,is_parent,Business Services,0,citypark
4,is_parent,Community Activities,0,citypark
3,is_parent,Companionship,0,citypark
7,is_parent,Education,2,citypark
60,7,Miscellaneous,2,citypark
2,is_parent,Help At Home,2,citypark
20,2,Cooking & Sewing,1,citypark
25,2,Miscellaneous,1,citypark
9,is_parent,Home,2,citypark
74,9,Miscellaneous,2,citypark
8,is_parent,"Arts, Crafts & Music",9,columbia
62,8,Crafts,2,columbia
64,8,Lessons,5,columbia
67,8,Miscellaneous,2,columbia
65,8,Photo & Video,1,columbia
0,is_parent,Business Services,18,columbia
328,0,Career Development/Job Searches,1,columbia
75,0,Clerical,3,columbia
76,0,Computer/IT Support,5,columbia
79,0,Marketing,1,columbia
8,0,Miscellaneous,7,columbia
80,0,Research,2,columbia
326,0,Writing/Editing/Proofreading,2,columbia
4,is_parent,Community Activities,4,columbia
35,4,Fund-raising,1,columbia
39,4,Miscellaneous,2,columbia
37,4,Special Projects,2,columbia
3,is_parent,Companionship/Socializing,3,columbia
29,3,Home Visits,1,columbia
30,3,Medical Errands,2,columbia
32,3,Miscellaneous,1,columbia
7,is_parent,Education,27,columbia
54,7,Advocacy,1,columbia
55,7,Classes / Workshops,2,columbia
56,7,Computers / Technology,3,columbia
57,7,Languages / Translation,4,columbia
60,7,Miscellaneous,8,columbia
59,7,Tutoring / Mentoring,15,columbia
2,is_parent,Help At Home,27,columbia
9,2,Child Care,3,columbia
20,2,Cooking & Sewing,5,columbia
33,2,Decorating/Interior Design,1,columbia
22,2,Housekeeping /Chores,1,columbia
25,2,Miscellaneous,9,columbia
318,2,Organizing,1,columbia
23,2,Pet Care,7,columbia
24,2,Respite Care,1,columbia
9,is_parent,Home,13,columbia
7,9,Garden & Yard Work,5,columbia
74,9,Miscellaneous,6,columbia
72,9,Painting,1,columbia
73,9,Plumbing,1,columbia
8,is_parent,"Arts, Crafts & Music",1,slocanvalley
63,8,Entertainment,1,slocanvalley
65,8,Photo & Video,1,slocanvalley
0,is_parent,Business Services,2,slocanvalley
75,0,Clerical,1,slocanvalley
77,0,Financial,1,slocanvalley
79,0,Marketing,1,slocanvalley
4,is_parent,Community Activities,0,slocanvalley
3,is_parent,Companionship,0,slocanvalley
7,is_parent,Education,2,slocanvalley
55,7,Classes / Workshops,1,slocanvalley
58,7,Personal Finances,1,slocanvalley
2,is_parent,Help At Home,1,slocanvalley
25,2,Miscellaneous,1,slocanvalley
9,is_parent,Home,1,slocanvalley
74,9,Miscellaneous,1,slocanvalley
8,is_parent,"Arts, Crafts & Music",1,manasota
64,8,Lessons,1,manasota
66,8,Theater,1,manasota
0,is_parent,Business Services,1,manasota
8,0,Miscellaneous,1,manasota
4,is_parent,Community Activities,0,manasota
3,is_parent,Companionship,0,manasota
7,is_parent,Education,2,manasota
55,7,Classes / Workshops,1,manasota
60,7,Miscellaneous,1,manasota
2,is_parent,Help At Home,0,manasota
9,is_parent,Home,0,manasota
8,is_parent,"Arts, Crafts & Music",89,dn
6,8,Classes,6,dn
62,8,Crafts,54,dn
63,8,Entertainment,8,dn
64,8,Lessons,5,dn
67,8,Miscellaneous,10,dn
65,8,Photo & Video,3,dn
66,8,Theater,7,dn
0,is_parent,Business Services,102,dn
75,0,Clerical,51,dn
76,0,Computer Support,24,dn
77,0,Financial,10,dn
78,0,Legal,1,dn
79,0,Marketing,6,dn
8,0,Miscellaneous,12,dn
80,0,Research,7,dn
4,is_parent,Community Activities,111,dn
33,4,Clean-up / Recycling,12,dn
295,4,Community Exchange Special Event,4,dn
34,4,Community Service,4,dn
35,4,Fund-raising,3,dn
296,4,Group Projects,17,dn
36,4,Help Our TimeBank!,24,dn
39,4,Miscellaneous,9,dn
37,4,Special Projects,49,dn
38,4,Work For Social Change,3,dn
3,is_parent,Companionship,206,dn
26,3,Clubs,42,dn
27,3,Dining Out,41,dn
28,3,Email / IM,19,dn
29,3,Home Visits,72,dn
32,3,Miscellaneous,26,dn
3,3,Telephone Calls,56,dn
7,is_parent,Education,58,dn
54,7,Advocacy,3,dn
55,7,Classes / Workshops,23,dn
56,7,Computers / Technology,5,dn
57,7,Languages / Translation,16,dn
60,7,Miscellaneous,4,dn
58,7,Personal Finances,2,dn
59,7,Tutoring / Mentoring,12,dn
2,is_parent,Help At Home,201,dn
9,2,Child Care,11,dn
20,2,Cooking & Sewing,66,dn
2,2,Hair & Beauty,18,dn
22,2,Housekeeping / Chores,49,dn
25,2,Miscellaneous,28,dn
29,2,Moving Help,5,dn
23,2,Pet Care,25,dn
24,2,Respite Care,28,dn
9,is_parent,Home Repair,61,dn
68,9,Car Care,3,dn
69,9,Carpentry / Construction,5,dn
70,9,Electrical,4,dn
7,9,Garden & Yard Work,32,dn
74,9,Miscellaneous,9,dn
72,9,Painting,12,dn
73,9,Plumbing,4,dn
283,is_parent,Medical,10,dn
287,283,Home Visits,1,dn
285,283,Medical Errands,1,dn
288,283,Neighbor-to-Neighbor,8,dn
8,is_parent,"Arts, Crafts & Music",1,cse
23,8,Lessons -  usually 1 or 2 people,1,cse
92,8,Music - instruments,1,cse
0,is_parent,Business Services,5,cse
76,0,Computer Support,2,cse
77,0,Financial,1,cse
8,0,Miscellaneous,2,cse
80,0,Research,2,cse
29,is_parent,Care for Animals,1,cse
32,29,"Grooming, Trimming hair or nails",1,cse
33,29,"Health care, giving opinions, or veterinary",1,cse
30,29,"Pet sitting, feeding, play, petting, etc.",1,cse
4,is_parent,Community Activities,11,cse
34,4,Community Service,1,cse
45,4,Help our CSE Timebank!,2,cse
40,4,Help the TimeBanks.org intl network (formerly called TBUSA),2,cse
2,4,Help Yourself! :-),2,cse
38,4,Work For Social Change,9,cse
3,is_parent,Companionship,1,cse
32,3,Miscellaneous,1,cse
3,3,Telephone Calls for Companionship,1,cse
7,is_parent,Education,13,cse
55,7,Classes / Workshops,4,cse
56,7,Computers / Technology,1,cse
57,7,Languages / Translation,1,cse
60,7,Miscellaneous,6,cse
59,7,Tutoring / Mentoring,1,cse
2,is_parent,Help At Home,7,cse
2,2,Cooking or Food Prep,1,cse
22,2,Housekeeping / Chores,2,cse
25,2,Miscellaneous,4,cse
9,is_parent,Home,6,cse
69,9,Carpentry / Construction,2,cse
74,9,Miscellaneous,5,cse
3,9,Moving or Carrying,1,cse
4,9,Organizing Stuff,1,cse
72,9,Painting,1,cse
8,is_parent,"Arts, Crafts & Music",6,communityskillexchange
6,8,Classes,3,communityskillexchange
62,8,Crafts,3,communityskillexchange
63,8,Entertainment,1,communityskillexchange
64,8,Lessons,1,communityskillexchange
65,8,Photo & Video,1,communityskillexchange
0,is_parent,Business Services,5,communityskillexchange
79,0,Marketing,2,communityskillexchange
8,0,Miscellaneous,4,communityskillexchange
80,0,Research,1,communityskillexchange
4,is_parent,Community Activities,2,communityskillexchange
36,4,Help Our TimeBank!,1,communityskillexchange
37,4,Special Projects,1,communityskillexchange
38,4,Work For Social Change,1,communityskillexchange
3,is_parent,Companionship,2,communityskillexchange
27,3,Dining Out,1,communityskillexchange
3,3,Telephone Calls,1,communityskillexchange
7,is_parent,Education,5,communityskillexchange
54,7,Advocacy,1,communityskillexchange
55,7,Classes / Workshops,2,communityskillexchange
56,7,Computers / Technology,2,communityskillexchange
57,7,Languages / Translation,1,communityskillexchange
59,7,Tutoring / Mentoring,3,communityskillexchange
2,is_parent,Help At Home,4,communityskillexchange
22,2,Housekeeping / Chores,2,communityskillexchange
25,2,Miscellaneous,3,communityskillexchange
23,2,Pet Care,1,communityskillexchange
9,is_parent,Home,4,communityskillexchange
69,9,Carpentry / Construction,2,communityskillexchange
7,9,Garden & Yard Work,1,communityskillexchange
74,9,Miscellaneous,2,communityskillexchange
73,9,Plumbing,1,communityskillexchange
93,is_parent,Member Wellness Support,0,communityskillexchange
8,is_parent,"Arts, Crafts & Music",17,richmondcounty
6,8,Classes,5,richmondcounty
62,8,Crafts,5,richmondcounty
63,8,Entertainment,3,richmondcounty
64,8,Lessons,7,richmondcounty
65,8,Photo & Video,1,richmondcounty
66,8,Theater,1,richmondcounty
0,is_parent,Business Services,5,richmondcounty
75,0,Clerical,2,richmondcounty
76,0,Computer Support,3,richmondcounty
78,0,Legal,1,richmondcounty
79,0,Marketing,1,richmondcounty
8,0,Miscellaneous,2,richmondcounty
4,is_parent,Community Activities,7,richmondcounty
34,4,Community Service,1,richmondcounty
35,4,Fund-raising,1,richmondcounty
86,4,Group Projects,1,richmondcounty
37,4,Special Projects,1,richmondcounty
96,4,Volunteering,3,richmondcounty
38,4,Work For Social Change,2,richmondcounty
3,is_parent,Companionship,5,richmondcounty
29,3,Home Visits,4,richmondcounty
32,3,Miscellaneous,2,richmondcounty
3,3,Telephone Calls,3,richmondcounty
9,is_parent,Donation,0,richmondcounty
7,is_parent,Education,11,richmondcounty
55,7,Classes / Workshops,2,richmondcounty
56,7,Computers / Technology,2,richmondcounty
57,7,Languages / Translation,1,richmondcounty
60,7,Miscellaneous,2,richmondcounty
58,7,Personal Finances,1,richmondcounty
94,7,Reading / Storytelling,3,richmondcounty
59,7,Tutoring / Mentoring,1,richmondcounty
87,is_parent,Free Time Credit,1,richmondcounty
88,87,Completing Profile,1,richmondcounty
2,is_parent,Help At Home,19,richmondcounty
9,2,Child Care,2,richmondcounty
20,2,Cooking & Sewing,7,richmondcounty
2,2,Hair & Beauty,1,richmondcounty
22,2,Housekeeping / Chores,4,richmondcounty
25,2,Miscellaneous,5,richmondcounty
23,2,Pet Care,2,richmondcounty
24,2,Respite Care,2,richmondcounty
9,is_parent,Home,14,richmondcounty
69,9,Carpentry / Construction,2,richmondcounty
95,9,Farm Hand / Farming,3,richmondcounty
7,9,Garden & Yard Work,4,richmondcounty
74,9,Miscellaneous,6,richmondcounty
72,9,Painting,2,richmondcounty
98,9,Wood Cutting / Stacking,2,richmondcounty
8,is_parent,"Arts, Crafts & Music",0,northfrontenac
0,is_parent,Business Services,0,northfrontenac
4,is_parent,Community Activities,0,northfrontenac
3,is_parent,Companionship,0,northfrontenac
7,is_parent,Education,0,northfrontenac
2,is_parent,Help At Home,0,northfrontenac
9,is_parent,Home,0,northfrontenac
8,is_parent,"Arts, Crafts & Music",0,katytx
0,is_parent,Business Services,0,katytx
4,is_parent,Community Activities,0,katytx
3,is_parent,Companionship,0,katytx
7,is_parent,Education,0,katytx
2,is_parent,Help At Home,0,katytx
9,is_parent,Home,0,katytx
8,is_parent,"Arts, Crafts & Music",32,crookedriver
6,8,Classes,5,crookedriver
62,8,Crafts,12,crookedriver
63,8,Entertainment,2,crookedriver
64,8,Lessons,10,crookedriver
67,8,Miscellaneous,17,crookedriver
66,8,Theater,1,crookedriver
0,is_parent,Business Services,15,crookedriver
76,0,Computer Support,4,crookedriver
77,0,Financial,2,crookedriver
78,0,Legal,2,crookedriver
79,0,Marketing,3,crookedriver
8,0,Miscellaneous,5,crookedriver
4,is_parent,Community Activities,17,crookedriver
33,4,Clean-up / Recycling,2,crookedriver
34,4,Community Service,3,crookedriver
90,4,Donation of time credits,1,crookedriver
35,4,Fund-raising,4,crookedriver
86,4,Group Projects,1,crookedriver
36,4,Help Our TimeBank!,3,crookedriver
39,4,Miscellaneous,5,crookedriver
37,4,Special Projects,3,crookedriver
38,4,Work For Social Change,3,crookedriver
3,is_parent,Companionship,2,crookedriver
32,3,Miscellaneous,2,crookedriver
7,is_parent,Education,39,crookedriver
54,7,Advocacy,2,crookedriver
55,7,Classes / Workshops,9,crookedriver
56,7,Computers / Technology,4,crookedriver
57,7,Languages / Translation,4,crookedriver
60,7,Miscellaneous,15,crookedriver
58,7,Personal Finances,4,crookedriver
59,7,Tutoring / Mentoring,12,crookedriver
2,is_parent,Help At Home,47,crookedriver
9,2,Child Care,6,crookedriver
20,2,Cooking & Sewing,18,crookedriver
2,2,Hair & Beauty,1,crookedriver
22,2,Housekeeping / Chores,1,crookedriver
25,2,Miscellaneous,15,crookedriver
23,2,Pet Care,9,crookedriver
9,is_parent,Home,18,crookedriver
70,9,Electrical,1,crookedriver
7,9,Garden & Yard Work,9,crookedriver
74,9,Miscellaneous,10,crookedriver
8,is_parent,"Arts, Crafts & Music",0,danvilledollars
0,is_parent,Business Services,0,danvilledollars
4,is_parent,Community Activities,0,danvilledollars
3,is_parent,Companionship,0,danvilledollars
7,is_parent,Education,0,danvilledollars
2,is_parent,Help At Home,0,danvilledollars
9,is_parent,Home,0,danvilledollars
8,is_parent,"Arts, Crafts & Music",8,dc
6,8,Classes,1,dc
62,8,Crafts,3,dc
64,8,Lessons,4,dc
67,8,Miscellaneous,4,dc
0,is_parent,Business Services,9,dc
75,0,Clerical,2,dc
76,0,Computer Support,1,dc
78,0,Legal,1,dc
79,0,Marketing,1,dc
8,0,Miscellaneous,5,dc
4,is_parent,Community Activities,3,dc
34,4,Community Service,1,dc
35,4,Fundraising,1,dc
38,4,Work For Social Change,3,dc
3,is_parent,Companionship,1,dc
3,3,Phone Calls,1,dc
7,is_parent,Education,12,dc
54,7,Advocacy,2,dc
55,7,Classes / Workshops,4,dc
56,7,Computers / Technology,2,dc
57,7,Languages / Translation,2,dc
59,7,Tutoring / Mentoring,3,dc
87,7,Writing / Editing,1,dc
2,is_parent,Help At Home,6,dc
9,2,Child Care,3,dc
20,2,Cooking / Sewing,1,dc
25,2,Miscellaneous,1,dc
23,2,Pet Care,1,dc
9,is_parent,Home,3,dc
7,9,Garden / Yard Work,1,dc
74,9,Miscellaneous,2,dc
8,is_parent,"Arts, Crafts & Music",0,dhe
0,is_parent,Business Services,0,dhe
4,is_parent,Community Activities,0,dhe
3,is_parent,Companionship,0,dhe
7,is_parent,Education,0,dhe
2,is_parent,Help At Home,0,dhe
9,is_parent,Home,0,dhe
8,is_parent,"Arts, Crafts & Music",0,democw3
0,is_parent,Business Services,0,democw3
4,is_parent,Community Activities,0,democw3
3,is_parent,Companionship,1,democw3
32,3,Miscellaneous,1,democw3
7,is_parent,Education,0,democw3
2,is_parent,Help At Home,3,democw3
22,2,Housekeeping / Chores,1,democw3
25,2,Miscellaneous,1,democw3
24,2,Respite Care,1,democw3
9,is_parent,Home,2,democw3
69,9,Carpentry / Construction,2,democw3
70,9,Electrical,1,democw3
8,is_parent,"Arts, Crafts & Music",0,denton
0,is_parent,Business Services,0,denton
4,is_parent,Community Activities,0,denton
3,is_parent,Companionship,0,denton
7,is_parent,Education,0,denton
2,is_parent,Help At Home,0,denton
9,is_parent,Home,1,denton
7,9,Garden & Yard Work,1,denton
8,is_parent,"Arts, Crafts & Music",4,dunedin
6,8,Classes,1,dunedin
62,8,Crafts,2,dunedin
63,8,Entertainment,1,dunedin
0,is_parent,Business Services,3,dunedin
75,0,Book keeping,1,dunedin
75,0,Clerical,1,dunedin
76,0,IT Support,1,dunedin
79,0,Marketing,1,dunedin
78,0,Website Design,1,dunedin
4,is_parent,Community Activities,3,dunedin
86,4,Group Projects,1,dunedin
37,4,Special Projects,1,dunedin
8,4,Sustainability,2,dunedin
38,4,Work For Social Change,1,dunedin
3,is_parent,Companionship,1,dunedin
32,3,Miscellaneous,1,dunedin
7,is_parent,Education,8,dunedin
54,7,Advocacy,1,dunedin
55,7,Classes / Workshops,4,dunedin
56,7,Computers / Technology (IT),1,dunedin
57,7,Languages / Translation,2,dunedin
60,7,Miscellaneous,2,dunedin
59,7,Tutoring / Mentoring,3,dunedin
2,is_parent,Help at Home,9,dunedin
80,2,Child Care,1,dunedin
22,2,Housekeeping / Chores,2,dunedin
25,2,Miscellaneous,2,dunedin
23,2,Pet Care,1,dunedin
82,2,Sewing,3,dunedin
9,is_parent,House & Garden,3,dunedin
73,9,Basic Lawn mowing,2,dunedin
69,9,Carpentry / Construction,1,dunedin
7,9,Garden & Yard Work,3,dunedin
8,is_parent,"Arts, Crafts & Music",0,durham
0,is_parent,Business Services,0,durham
4,is_parent,Community Activities,0,durham
3,is_parent,Companionship,0,durham
7,is_parent,Education,0,durham
2,is_parent,Help At Home,0,durham
9,is_parent,Home,0,durham
8,is_parent,"Arts, Crafts & Music",0,eann
0,is_parent,Business Services,0,eann
4,is_parent,Community Activities,0,eann
3,is_parent,Companionship,0,eann
7,is_parent,Education,0,eann
2,is_parent,Help At Home,0,eann
9,is_parent,Home,0,eann
8,is_parent,"Arts, Crafts & Music",2,earn
63,8,Entertainment,1,earn
64,8,Lessons,1,earn
67,8,Miscellaneous,1,earn
0,is_parent,Business Services,1,earn
75,0,Clerical,1,earn
8,0,Miscellaneous,1,earn
4,is_parent,Community Activities,0,earn
3,is_parent,Companionship,0,earn
7,is_parent,Education,1,earn
60,7,Miscellaneous,1,earn
2,is_parent,Help At Home,2,earn
22,2,Housekeeping / Chores,1,earn
23,2,Pet Care,1,earn
65,is_parent,Help our Time Bank!,0,earn
64,is_parent,Holiday Help,0,earn
9,is_parent,Home,2,earn
7,9,Garden & Yard Work,2,earn
89,is_parent,Accommodation and Hospitality,0,eastbay
8,is_parent,"Arts, Crafts & Music",4,eastbay
62,8,Crafts,3,eastbay
67,8,Miscellaneous,3,eastbay
0,is_parent,Business Services,1,eastbay
8,0,Miscellaneous,1,eastbay
4,is_parent,Community Activities,10,eastbay
96,4,Boomerang Bags,1,eastbay
34,4,Community Service,1,eastbay
36,4,Help Our TimeBank!,1,eastbay
37,4,Special Projects,7,eastbay
3,is_parent,Companionship,0,eastbay
7,is_parent,Education,3,eastbay
57,7,Languages / Translation,1,eastbay
60,7,Miscellaneous,1,eastbay
59,7,Tutoring / Mentoring,1,eastbay
9,is_parent,Goods Trading,2,eastbay
92,9,Trading Day,2,eastbay
2,is_parent,Help At Home,1,eastbay
20,2,Cooking & Sewing,1,eastbay
9,is_parent,Home,2,eastbay
7,9,Garden & Yard Work,1,eastbay
74,9,Miscellaneous,1,eastbay
8,is_parent,"Arts, Crafts & Music",0,fablabchc
0,is_parent,Business Services,0,fablabchc
4,is_parent,Community Activities,0,fablabchc
3,is_parent,Companionship,0,fablabchc
7,is_parent,Education,0,fablabchc
2,is_parent,Help At Home,0,fablabchc
9,is_parent,Home,0,fablabchc
8,is_parent,"Arts, Crafts & Music",0,fairbanks
0,is_parent,Business Services,0,fairbanks
4,is_parent,Community Activities,0,fairbanks
3,is_parent,Companionship,0,fairbanks
7,is_parent,Education,0,fairbanks
2,is_parent,Help At Home,0,fairbanks
9,is_parent,Home,0,fairbanks
8,is_parent,"Arts, Crafts & Music",0,farnor
0,is_parent,Business Services,0,farnor
4,is_parent,Community Activities,0,farnor
3,is_parent,Companionship,0,farnor
7,is_parent,Education,0,farnor
2,is_parent,Help At Home,0,farnor
9,is_parent,Home,0,farnor
8,is_parent,"Arts, Crafts & Music",0,farmster
0,is_parent,Business Services,0,farmster
4,is_parent,Community Activities,0,farmster
3,is_parent,Companionship,0,farmster
7,is_parent,Education,0,farmster
2,is_parent,Help At Home,0,farmster
9,is_parent,Home,0,farmster
88,is_parent,Counseling,0,flouris
7,is_parent,Education,0,flouris
92,is_parent,Medical services,0,flouris
5,is_parent,Wellness,0,flouris
8,is_parent,"Arts, Crafts & Music",9,frederick
6,8,Classes,2,frederick
62,8,Crafts,2,frederick
63,8,Entertainment,2,frederick
64,8,Lessons,6,frederick
67,8,Miscellaneous,1,frederick
0,is_parent,Business Services,2,frederick
75,0,Clerical,1,frederick
8,0,Miscellaneous,1,frederick
4,is_parent,Community Activities,3,frederick
39,4,Miscellaneous,1,frederick
38,4,Work For Social Change,2,frederick
3,is_parent,Companionship,1,frederick
32,3,Miscellaneous,1,frederick
7,is_parent,Education,10,frederick
54,7,Advocacy,2,frederick
55,7,Classes / Workshops,6,frederick
60,7,Miscellaneous,1,frederick
59,7,Tutoring / Mentoring,2,frederick
2,is_parent,Help At Home,9,frederick
20,2,Cooking & Sewing,6,frederick
25,2,Miscellaneous,1,frederick
23,2,Pet Care,1,frederick
24,2,Respite Care,1,frederick
9,is_parent,Home,9,frederick
69,9,Carpentry / Construction,2,frederick
7,9,Garden & Yard Work,6,frederick
74,9,Miscellaneous,3,frederick
73,9,Plumbing,1,frederick
8,is_parent,"Arts, Crafts & Music",0,ghoodcalgary
0,is_parent,Business Services,0,ghoodcalgary
4,is_parent,Community Activities,0,ghoodcalgary
3,is_parent,Companionship,0,ghoodcalgary
7,is_parent,Education,0,ghoodcalgary
2,is_parent,Help At Home,0,ghoodcalgary
9,is_parent,Home,0,ghoodcalgary
90,is_parent,Homemade Goods,0,ghoodcalgary
8,is_parent,"Arts, Crafts & Music",0,karma
0,is_parent,Business Services,0,karma
4,is_parent,Community Activities,0,karma
3,is_parent,Companionship,0,karma
7,is_parent,Education,0,karma
2,is_parent,Help At Home,0,karma
9,is_parent,Home,0,karma
8,is_parent,"Arts, Crafts & Music",0,globetable
0,is_parent,Business Services,0,globetable
4,is_parent,Community Activities,0,globetable
3,is_parent,Companionship,0,globetable
7,is_parent,Education,0,globetable
2,is_parent,Help At Home,0,globetable
9,is_parent,Home,0,globetable
8,is_parent,"Arts, Crafts & Music",4,goodneighborstb
62,8,Crafts,2,goodneighborstb
63,8,Entertainment,1,goodneighborstb
64,8,Lessons,2,goodneighborstb
0,is_parent,Business Services,0,goodneighborstb
4,is_parent,Community Activities,0,goodneighborstb
3,is_parent,Companionship,3,goodneighborstb
26,3,Clubs,1,goodneighborstb
32,3,Miscellaneous,2,goodneighborstb
7,is_parent,Education,2,goodneighborstb
55,7,Classes / Workshops,1,goodneighborstb
59,7,Tutoring / Mentoring,1,goodneighborstb
2,is_parent,Help At Home,3,goodneighborstb
20,2,Cooking,1,goodneighborstb
2,2,Hair & Beauty,1,goodneighborstb
22,2,Housekeeping / Chores,1,goodneighborstb
9,is_parent,Home,1,goodneighborstb
68,9,Car Care,1,goodneighborstb
8,is_parent,"Arts, Crafts & Music",0,scgm
0,is_parent,Business Services,1,scgm
76,0,Computer Support,1,scgm
4,is_parent,Community Activities,2,scgm
36,4,Help Our TimeBank!,2,scgm
3,is_parent,Companionship,0,scgm
7,is_parent,Education,1,scgm
56,7,Computers / Technology,1,scgm
2,is_parent,Help At Home,0,scgm
9,is_parent,Home,0,scgm
8,is_parent,"Arts, Crafts & Music",4,greatbay
62,8,Crafts,3,greatbay
64,8,Lessons,2,greatbay
67,8,Miscellaneous,1,greatbay
0,is_parent,Business Services,2,greatbay
76,0,Computer Support,1,greatbay
79,0,Marketing,1,greatbay
8,0,Miscellaneous,1,greatbay
4,is_parent,Community Activities,4,greatbay
36,4,Help Our TimeBank!,1,greatbay
37,4,Special Projects,2,greatbay
38,4,Work For Social Change,1,greatbay
3,is_parent,Companionship,0,greatbay
7,is_parent,Education,12,greatbay
54,7,Advocacy,1,greatbay
55,7,Classes / Workshops,1,greatbay
56,7,Computers / Technology,1,greatbay
57,7,Languages / Translation,2,greatbay
60,7,Miscellaneous,2,greatbay
58,7,Personal Finances,1,greatbay
59,7,Tutoring / Mentoring,7,greatbay
2,is_parent,Help At Home,7,greatbay
9,2,Child Care,1,greatbay
20,2,Cooking & Sewing,5,greatbay
2,2,Hair & Beauty,1,greatbay
9,is_parent,Home,4,greatbay
7,9,Garden & Yard Work,2,greatbay
74,9,Miscellaneous,2,greatbay
8,is_parent,"Arts, Crafts & Music",0,gc
0,is_parent,Business Services,0,gc
4,is_parent,Community Activities,0,gc
3,is_parent,Companionship,0,gc
7,is_parent,Education,0,gc
2,is_parent,Help At Home,0,gc
9,is_parent,Home,0,gc
8,is_parent,"Arts, Crafts & Music",0,greaterheights
0,is_parent,Business Services,2,greaterheights
77,0,Financial,1,greaterheights
79,0,Marketing,1,greaterheights
4,is_parent,Community Activities,3,greaterheights
35,4,Fund-raising,3,greaterheights
38,4,Work For Social Change,1,greaterheights
3,is_parent,Companionship,0,greaterheights
7,is_parent,Education,1,greaterheights
59,7,Tutoring / Mentoring,1,greaterheights
2,is_parent,Help At Home,1,greaterheights
20,2,Cooking & Sewing,1,greaterheights
9,is_parent,Home,1,greaterheights
7,9,Garden & Yard Work,1,greaterheights
4,is_parent,Account Management,0,gwtb
8,is_parent,"Arts, Crafts & Music",0,gwtb
94,is_parent,"Arts, Crafts & Music",9,gwtb
95,94,Lessons,5,gwtb
98,94,Miscellaneous,3,gwtb
97,94,Photo & Video,1,gwtb
0,is_parent,Business Services,3,gwtb
79,0,Marketing,1,gwtb
8,0,Miscellaneous,2,gwtb
4,is_parent,Community Activities,0,gwtb
3,is_parent,Companionship,0,gwtb
89,is_parent,Computers and Technology,5,gwtb
90,89,Teaching,4,gwtb
93,89,Web Sites,1,gwtb
22,is_parent,Crafting and Artisan Services,0,gwtb
24,is_parent,Donation of Credits,0,gwtb
7,is_parent,Education,3,gwtb
59,7,Tutoring / Mentoring,3,gwtb
8,is_parent,Elder and Companionship,0,gwtb
2,is_parent,Help At Home,11,gwtb
9,2,Child Care,1,gwtb
0,2,Cooking,1,gwtb
96,2,Elder Care,1,gwtb
87,2,Hair & Beauty,2,gwtb
22,2,Housekeeping / Chores,3,gwtb
23,2,Pet Care,2,gwtb
8,2,Sewing,1,gwtb
9,is_parent,Home,18,gwtb
69,9,Carpentry / Construction,3,gwtb
0,9,Garden & Yard Work,12,gwtb
74,9,Miscellaneous,2,gwtb
72,9,Painting,1,gwtb
3,is_parent,Language Services,4,gwtb
9,3,Editing & Proof Reading,1,gwtb
4,3,Translation & Interpretation,2,gwtb
2,3,Writing,1,gwtb
8,is_parent,"Arts, Crafts & Music",0,choptank
0,is_parent,Business Services,0,choptank
4,is_parent,Community Activities,0,choptank
3,is_parent,Companionship,0,choptank
7,is_parent,Education,0,choptank
2,is_parent,Help At Home,1,choptank
23,2,Pet Care,1,choptank
9,is_parent,Home,2,choptank
69,9,Carpentry / Construction,1,choptank
7,9,Garden & Yard Work,1,choptank
74,9,Miscellaneous,1,choptank
8,is_parent,"Arts, Crafts & Music",0,bc-historyofmoney
0,is_parent,Business Services,0,bc-historyofmoney
4,is_parent,Community Activities,0,bc-historyofmoney
3,is_parent,Companionship,0,bc-historyofmoney
7,is_parent,Education,0,bc-historyofmoney
2,is_parent,Help At Home,0,bc-historyofmoney
9,is_parent,Home,0,bc-historyofmoney
8,is_parent,"Arts, Crafts & Music",0,opexchange
0,is_parent,Business Services,0,opexchange
4,is_parent,Community Activities,0,opexchange
3,is_parent,Companionship,0,opexchange
7,is_parent,Education,0,opexchange
2,is_parent,Help At Home,0,opexchange
9,is_parent,Home,0,opexchange
8,is_parent,"Arts, Crafts & Music",0,our4ourworld
0,is_parent,Business Services,0,our4ourworld
4,is_parent,Community Activities,0,our4ourworld
3,is_parent,Companionship,0,our4ourworld
7,is_parent,Education,0,our4ourworld
94,is_parent,Food Not Lawns,0,our4ourworld
75,is_parent,Garden & Yards,1,our4ourworld
77,75,Food Not Lawns,1,our4ourworld
87,75,Permaculture,1,our4ourworld
88,is_parent,H4OW Time Exchange,0,our4ourworld
2,is_parent,Help At Home,0,our4ourworld
9,is_parent,Home,0,our4ourworld
8,is_parent,"Arts, Crafts & Music",0,ourcommunityinterfai
0,is_parent,Business Services,2,ourcommunityinterfai
76,0,Computer Support,1,ourcommunityinterfai
8,0,Miscellaneous,1,ourcommunityinterfai
4,is_parent,Community Activities,0,ourcommunityinterfai
3,is_parent,Companionship,0,ourcommunityinterfai
7,is_parent,Education,2,ourcommunityinterfai
56,7,Computers / Technology,1,ourcommunityinterfai
60,7,Miscellaneous,1,ourcommunityinterfai
2,is_parent,Help At Home,1,ourcommunityinterfai
20,2,Cooking & Sewing,1,ourcommunityinterfai
9,is_parent,Home,0,ourcommunityinterfai
89,is_parent,In-Sanctuary Support,0,ourcommunityinterfai
8,is_parent,"Arts, Crafts & Music",2,isiinc
62,8,Crafts,2,isiinc
0,is_parent,Business Services,0,isiinc
4,is_parent,Community Activities,0,isiinc
3,is_parent,Companionship,0,isiinc
7,is_parent,Education,1,isiinc
59,7,Tutoring / Mentoring,1,isiinc
2,is_parent,Help At Home,5,isiinc
20,2,Cooking & Sewing,5,isiinc
9,is_parent,Home,1,isiinc
72,9,Painting,1,isiinc
8,is_parent,"Arts, Crafts & Music",1,jeffersoncommunity
64,8,Lessons,1,jeffersoncommunity
0,is_parent,Business Services,0,jeffersoncommunity
4,is_parent,Community Activities,2,jeffersoncommunity
35,4,Fund-raising,1,jeffersoncommunity
38,4,Work For Social Change,1,jeffersoncommunity
3,is_parent,Companionship,0,jeffersoncommunity
7,is_parent,Education,2,jeffersoncommunity
57,7,Languages / Translation,1,jeffersoncommunity
59,7,Tutoring / Mentoring,1,jeffersoncommunity
2,is_parent,Help At Home,1,jeffersoncommunity
9,2,Child Care,1,jeffersoncommunity
9,is_parent,Home,2,jeffersoncommunity
7,9,Garden & Yard Work,1,jeffersoncommunity
74,9,Miscellaneous,1,jeffersoncommunity
8,is_parent,"Arts, Crafts & Music",1,jerseyshore
63,8,Entertainment,1,jerseyshore
0,is_parent,Business Services,2,jerseyshore
78,0,Legal,1,jerseyshore
80,0,Research,1,jerseyshore
4,is_parent,Community Activities,1,jerseyshore
35,4,Fund-raising,1,jerseyshore
3,is_parent,Companionship,0,jerseyshore
7,is_parent,Education,2,jerseyshore
55,7,Classes / Workshops,1,jerseyshore
60,7,Miscellaneous,1,jerseyshore
2,is_parent,Help At Home,0,jerseyshore
9,is_parent,Home,0,jerseyshore
8,is_parent,"Arts, Crafts & Music",11,kaitaia
6,8,Classes,2,kaitaia
62,8,Crafts,6,kaitaia
64,8,Lessons,1,kaitaia
67,8,Miscellaneous,4,kaitaia
0,is_parent,Business Services,10,kaitaia
75,0,Clerical,3,kaitaia
76,0,Computer Support,3,kaitaia
77,0,Financial,1,kaitaia
79,0,Marketing,4,kaitaia
8,0,Miscellaneous,5,kaitaia
4,is_parent,Community Activities,14,kaitaia
33,4,Clean-up / Recycling,2,kaitaia
34,4,Community Service,9,kaitaia
86,4,Group Projects,1,kaitaia
39,4,Miscellaneous,2,kaitaia
3,is_parent,Companionship,3,kaitaia
26,3,Clubs,1,kaitaia
32,3,Miscellaneous,2,kaitaia
7,is_parent,Education,15,kaitaia
54,7,Advocacy,1,kaitaia
55,7,Classes / Workshops,1,kaitaia
56,7,Computers / Technology,4,kaitaia
57,7,Languages / Translation,3,kaitaia
60,7,Miscellaneous,6,kaitaia
58,7,Personal Finances,1,kaitaia
59,7,Tutoring / Mentoring,6,kaitaia
2,is_parent,Help At Home,12,kaitaia
20,2,Cooking & Sewing,4,kaitaia
22,2,Housekeeping / Chores,2,kaitaia
25,2,Miscellaneous,8,kaitaia
23,2,Pet Care,1,kaitaia
24,2,Respite Care,1,kaitaia
9,is_parent,Home,18,kaitaia
69,9,Carpentry / Construction,2,kaitaia
7,9,Garden & Yard Work,12,kaitaia
74,9,Miscellaneous,6,kaitaia
8,is_parent,"Arts, Crafts & Music",0,kapiti50
0,is_parent,Business Services,0,kapiti50
4,is_parent,Community Activities,0,kapiti50
3,is_parent,Companionship,0,kapiti50
7,is_parent,Education,0,kapiti50
2,is_parent,Help At Home,0,kapiti50
9,is_parent,Home,0,kapiti50
8,is_parent,"Arts, Crafts & Music",0,klc
0,is_parent,Business Services,0,klc
4,is_parent,Community Activities,0,klc
3,is_parent,Companionship,0,klc
7,is_parent,Education,0,klc
2,is_parent,Help At Home,0,klc
9,is_parent,Home,0,klc
8,is_parent,"Arts, Crafts & Music",0,khokha
0,is_parent,Business Services,0,khokha
4,is_parent,Community Activities,0,khokha
3,is_parent,Companionship,0,khokha
7,is_parent,Education,0,khokha
2,is_parent,Help At Home,0,khokha
9,is_parent,Home,0,khokha
8,is_parent,"Arts, Crafts & Music",4,letsbmore
67,8,Miscellaneous,4,letsbmore
65,8,Photo & Video,1,letsbmore
0,is_parent,Business Services,1,letsbmore
75,0,Clerical,1,letsbmore
4,is_parent,Community Activities,2,letsbmore
33,4,Clean-up / Recycling,1,letsbmore
39,4,Miscellaneous,1,letsbmore
3,is_parent,Companionship,1,letsbmore
32,3,Miscellaneous,1,letsbmore
7,is_parent,Education,1,letsbmore
59,7,Tutoring / Mentoring,1,letsbmore
2,is_parent,Help At Home,2,letsbmore
25,2,Miscellaneous,2,letsbmore
9,is_parent,Home,2,letsbmore
7,9,Garden & Yard Work,1,letsbmore
74,9,Miscellaneous,1,letsbmore
7,is_parent,"Arts, Culture and Ideas",0,margination
87,is_parent,Buildings,0,margination
22,is_parent,Care and Social Support,0,margination
8,is_parent,"Arts, Crafts & Music",0,meadville
0,is_parent,Business Services,0,meadville
4,is_parent,Community Activities,0,meadville
3,is_parent,Companionship,0,meadville
7,is_parent,Education,0,meadville
2,is_parent,Help At Home,0,meadville
9,is_parent,Home,0,meadville
8,is_parent,"Arts, Crafts & Music",6,midcanterbury
62,8,Crafts,3,midcanterbury
64,8,Lessons,2,midcanterbury
67,8,Miscellaneous,2,midcanterbury
0,is_parent,Business Services,5,midcanterbury
76,0,Computer Support,3,midcanterbury
79,0,Marketing,2,midcanterbury
8,0,Miscellaneous,3,midcanterbury
4,is_parent,Community Activities,2,midcanterbury
86,4,Group Projects,1,midcanterbury
39,4,Miscellaneous,1,midcanterbury
37,4,Special Projects,1,midcanterbury
3,is_parent,Companionship,2,midcanterbury
29,3,Home Visits,1,midcanterbury
26,3,Meet at a cafe,1,midcanterbury
0,is_parent,Culture & Knowledge,2,midcanterbury
3,0,Geography/ Geology,1,midcanterbury
8,0,Miscellaneous,1,midcanterbury
7,is_parent,Education,13,midcanterbury
55,7,Classes / Workshops,2,midcanterbury
56,7,Computers / Technology/ Phones,4,midcanterbury
57,7,Languages / Translation,4,midcanterbury
60,7,Miscellaneous,5,midcanterbury
59,7,Tutoring / Mentoring,3,midcanterbury
2,is_parent,Help At Home,9,midcanterbury
27,2,Baking,1,midcanterbury
9,2,Child Care,3,midcanterbury
20,2,Cooking,1,midcanterbury
22,2,Housekeeping / Chores,1,midcanterbury
25,2,Miscellaneous,1,midcanterbury
23,2,Pet Care,1,midcanterbury
98,2,Sewing,2,midcanterbury
88,is_parent,Help our TimeBank!,0,midcanterbury
9,is_parent,Home,1,midcanterbury
74,9,Miscellaneous,1,midcanterbury
8,is_parent,"Arts, Crafts & Music",0,mk
4,is_parent,Community Activities,0,mk
7,is_parent,Education,0,mk
3,is_parent,Events,0,mk
5,is_parent,Health,0,mk
6,is_parent,Interests,0,mk
8,is_parent,"Arts, Crafts & Music",0,mttimeexchange
0,is_parent,Business Services,0,mttimeexchange
4,is_parent,Community Activities,0,mttimeexchange
3,is_parent,Companionship,0,mttimeexchange
7,is_parent,Education,0,mttimeexchange
2,is_parent,Help At Home,0,mttimeexchange
9,is_parent,Home,0,mttimeexchange
8,is_parent,"Arts, Crafts & Music",1,murihiku
64,8,Lessons,1,murihiku
0,is_parent,Business Services,5,murihiku
75,0,Clerical,3,murihiku
76,0,Computer Support,1,murihiku
77,0,Financial,1,murihiku
8,0,Miscellaneous,3,murihiku
4,is_parent,Community Activities,0,murihiku
3,is_parent,Companionship,0,murihiku
7,is_parent,Education,3,murihiku
56,7,Computers / Technology,1,murihiku
59,7,Tutoring / Mentoring,2,murihiku
2,is_parent,Help At Home,1,murihiku
20,2,Cooking & Sewing,1,murihiku
9,is_parent,Home,3,murihiku
74,9,Miscellaneous,3,murihiku
8,is_parent,"Arts, Crafts & Music",1,mwdi
65,8,Photo & Video,1,mwdi
0,is_parent,Business Services,1,mwdi
76,0,Computer Support,1,mwdi
79,0,Marketing,1,mwdi
4,is_parent,Community Activities,0,mwdi
3,is_parent,Companionship,0,mwdi
7,is_parent,Education,0,mwdi
2,is_parent,Help At Home,0,mwdi
9,is_parent,Home,0,mwdi
8,is_parent,"Arts, Crafts & Music",7,nbnneighborhoodnetwork
62,8,Crafts,1,nbnneighborhoodnetwork
63,8,Entertainment,2,nbnneighborhoodnetwork
67,8,Miscellaneous,1,nbnneighborhoodnetwork
65,8,Photo & Video,2,nbnneighborhoodnetwork
66,8,Theater,3,nbnneighborhoodnetwork
0,is_parent,Business Services,5,nbnneighborhoodnetwork
75,0,Clerical,1,nbnneighborhoodnetwork
76,0,Computer Support,1,nbnneighborhoodnetwork
77,0,Financial,1,nbnneighborhoodnetwork
79,0,Marketing,2,nbnneighborhoodnetwork
8,0,Miscellaneous,1,nbnneighborhoodnetwork
80,0,Research,1,nbnneighborhoodnetwork
4,is_parent,Community Activities,7,nbnneighborhoodnetwork
34,4,Community Service,1,nbnneighborhoodnetwork
35,4,Fund-raising,1,nbnneighborhoodnetwork
39,4,Miscellaneous,1,nbnneighborhoodnetwork
37,4,Special Projects,4,nbnneighborhoodnetwork
38,4,Work For Social Change,2,nbnneighborhoodnetwork
3,is_parent,Companionship,0,nbnneighborhoodnetwork
7,is_parent,Education,4,nbnneighborhoodnetwork
56,7,Computers / Technology,1,nbnneighborhoodnetwork
57,7,Languages / Translation,1,nbnneighborhoodnetwork
58,7,Personal Finances,1,nbnneighborhoodnetwork
59,7,Tutoring / Mentoring,1,nbnneighborhoodnetwork
2,is_parent,Help At Home,6,nbnneighborhoodnetwork
9,2,Child Care,2,nbnneighborhoodnetwork
20,2,Cooking & Sewing,1,nbnneighborhoodnetwork
2,2,Hair & Beauty,1,nbnneighborhoodnetwork
25,2,Miscellaneous,2,nbnneighborhoodnetwork
23,2,Pet Care,1,nbnneighborhoodnetwork
9,is_parent,Home,1,nbnneighborhoodnetwork
72,9,Painting,1,nbnneighborhoodnetwork
8,is_parent,"Arts, Crafts & Music",1,iedmon
64,8,Lessons,1,iedmon
0,is_parent,Business Services,2,iedmon
76,0,Computer Support,1,iedmon
80,0,Research,1,iedmon
4,is_parent,Community Activities,1,iedmon
39,4,Miscellaneous,1,iedmon
37,4,Special Projects,1,iedmon
3,is_parent,Companionship,0,iedmon
7,is_parent,Education,2,iedmon
56,7,Computers / Technology,1,iedmon
59,7,Tutoring / Mentoring,2,iedmon
2,is_parent,Help At Home,0,iedmon
9,is_parent,Home,2,iedmon
74,9,Miscellaneous,2,iedmon
8,is_parent,"Arts, Crafts & Music",0,eneighborhoodvillage
0,is_parent,Business Services,0,eneighborhoodvillage
4,is_parent,Community Activities,0,eneighborhoodvillage
3,is_parent,Companionship,0,eneighborhoodvillage
7,is_parent,Education,0,eneighborhoodvillage
2,is_parent,Help At Home,0,eneighborhoodvillage
9,is_parent,Home,0,eneighborhoodvillage
8,is_parent,"Arts, Crafts & Music",0,nerd
0,is_parent,Business Services,0,nerd
4,is_parent,Community Activities,0,nerd
3,is_parent,Companionship,0,nerd
7,is_parent,Education,0,nerd
2,is_parent,Help At Home,0,nerd
9,is_parent,Home,0,nerd
8,is_parent,"Arts, Crafts & Music",10,nether-swarthmore
6,8,Classes,1,nether-swarthmore
62,8,Crafts,2,nether-swarthmore
63,8,Entertainment,1,nether-swarthmore
64,8,Lessons,4,nether-swarthmore
67,8,Miscellaneous,5,nether-swarthmore
0,is_parent,Business Services,3,nether-swarthmore
79,0,Marketing,1,nether-swarthmore
8,0,Miscellaneous,2,nether-swarthmore
80,0,Research,1,nether-swarthmore
4,is_parent,Community Activities,3,nether-swarthmore
36,4,Help Our TimeBank!,1,nether-swarthmore
39,4,Miscellaneous,1,nether-swarthmore
38,4,Work For Social Change,1,nether-swarthmore
3,is_parent,Companionship,3,nether-swarthmore
29,3,Home Visits,1,nether-swarthmore
32,3,Miscellaneous,3,nether-swarthmore
7,is_parent,Education,8,nether-swarthmore
57,7,Languages / Translation,3,nether-swarthmore
60,7,Miscellaneous,3,nether-swarthmore
59,7,Tutoring / Mentoring,5,nether-swarthmore
2,is_parent,Help At Home,7,nether-swarthmore
20,2,Cooking & Sewing,2,nether-swarthmore
22,2,Housekeeping / Chores,1,nether-swarthmore
25,2,Miscellaneous,4,nether-swarthmore
9,is_parent,Home,7,nether-swarthmore
69,9,Carpentry / Construction,1,nether-swarthmore
7,9,Garden & Yard Work,2,nether-swarthmore
74,9,Miscellaneous,4,nether-swarthmore
8,is_parent,"Arts, Crafts & Music",11,nrv
6,8,Classes,4,nrv
62,8,Crafts,4,nrv
64,8,Lessons,4,nrv
67,8,Miscellaneous,1,nrv
65,8,Photo & Video,1,nrv
0,is_parent,Business Services,11,nrv
75,0,Clerical,2,nrv
76,0,Computer Support,1,nrv
79,0,Marketing,1,nrv
8,0,Miscellaneous,8,nrv
4,is_parent,Community Activities,3,nrv
37,4,Special Projects,2,nrv
38,4,Work For Social Change,1,nrv
3,is_parent,Companionship,10,nrv
29,3,Home Visits,2,nrv
30,3,Medical Errands,1,nrv
32,3,Miscellaneous,8,nrv
7,is_parent,Education,19,nrv
54,7,Advocacy,2,nrv
55,7,Classes / Workshops,7,nrv
56,7,Computers / Technology,3,nrv
57,7,Languages / Translation,3,nrv
60,7,Miscellaneous,5,nrv
59,7,Tutoring / Mentoring,8,nrv
2,is_parent,Help at Home,18,nrv
20,2,Cooking,4,nrv
22,2,Housekeeping / Chores,1,nrv
25,2,Miscellaneous,6,nrv
23,2,Pet Care,5,nrv
24,2,Respite Care,1,nrv
88,2,Sewing,3,nrv
8,is_parent,"Arts, Crafts & Music",10,nola
6,8,Classes,4,nola
62,8,Crafts,4,nola
63,8,Entertainment,2,nola
64,8,Lessons,4,nola
67,8,Miscellaneous,1,nola
66,8,Theater,1,nola
0,is_parent,Business Services,11,nola
8,0,Business Consultation / Coaching,2,nola
75,0,Clerical,3,nola
76,0,Computer Support,1,nola
77,0,Financial,1,nola
78,0,Legal,2,nola
79,0,Marketing,2,nola
24,0,Mediation / Dispute Resolution Service,2,nola
80,0,Research,1,nola
4,is_parent,Community Activities,11,nola
33,4,Clean-up / Recycling,1,nola
34,4,Community Service,1,nola
35,4,Fund-raising,1,nola
235,4,Group Projects,1,nola
212,4,Hurricane Readiness Activities,1,nola
39,4,Miscellaneous,2,nola
37,4,Special Projects,2,nola
38,4,Work For Social Change,2,nola
3,is_parent,Companionship,8,nola
26,3,Clubs,1,nola
27,3,Dining Out,1,nola
29,3,Home Visits,1,nola
30,3,Medical Errands,1,nola
32,3,Miscellaneous,3,nola
3,3,Telephone Calls,1,nola
7,is_parent,Education,14,nola
54,7,Advocacy,1,nola
55,7,Classes / Workshops,5,nola
56,7,Computers / Technology,1,nola
57,7,Languages / Translation,2,nola
60,7,Miscellaneous,4,nola
59,7,Tutoring / Mentoring,4,nola
2,is_parent,Help At Home,20,nola
9,2,Child Care,3,nola
20,2,Cooking,5,nola
2,2,Hair & Beauty,1,nola
242,2,Home Health Help,1,nola
22,2,Housekeeping / Chores,2,nola
215,2,Laundry,1,nola
25,2,Miscellaneous,4,nola
23,2,Pet Care,3,nola
24,2,Respite Care,3,nola
20,2,Sewing,2,nola
9,is_parent,Home Care / Maintenance,15,nola
69,9,Carpentry / Construction,3,nola
217,9,Garden Design / Consultation,2,nola
7,9,Gardening,3,nola
214,9,Home Organization,4,nola
220,9,House Sitting,2,nola
74,9,Miscellaneous,1,nola
72,9,Painting,1,nola
73,9,Plumbing,1,nola
202,9,Yard Work,5,nola
8,is_parent,"Arts, Crafts & Music",0,norman
0,is_parent,Business Services,0,norman
4,is_parent,Community Activities,0,norman
3,is_parent,Companionship,1,norman
3,3,Telephone Calls,1,norman
7,is_parent,Education,1,norman
59,7,Tutoring / Mentoring,1,norman
2,is_parent,Help At Home,1,norman
9,2,Child Care,1,norman
9,is_parent,Home,0,norman
8,is_parent,"Arts, Crafts & Music",0,ncc
0,is_parent,Business Services,0,ncc
4,is_parent,Community Activities,0,ncc
3,is_parent,Companionship,0,ncc
7,is_parent,Education,0,ncc
2,is_parent,Help At Home,0,ncc
9,is_parent,Home,0,ncc
8,is_parent,"Arts, Crafts & Music",1,northwestnewjersey
64,8,Lessons,1,northwestnewjersey
0,is_parent,Business Services,1,northwestnewjersey
78,0,Legal,1,northwestnewjersey
4,is_parent,Community Activities,3,northwestnewjersey
34,4,Community Service,1,northwestnewjersey
39,4,Miscellaneous,1,northwestnewjersey
38,4,Work For Social Change,1,northwestnewjersey
3,is_parent,Companionship,1,northwestnewjersey
29,3,Home Visits,1,northwestnewjersey
32,3,Miscellaneous,1,northwestnewjersey
7,is_parent,Education,6,northwestnewjersey
54,7,Advocacy,1,northwestnewjersey
55,7,Classes / Workshops,1,northwestnewjersey
56,7,Computers / Technology,1,northwestnewjersey
57,7,Languages / Translation,1,northwestnewjersey
60,7,Miscellaneous,1,northwestnewjersey
59,7,Tutoring / Mentoring,3,northwestnewjersey
2,is_parent,Help At Home,1,northwestnewjersey
20,2,Cooking & Sewing,1,northwestnewjersey
22,2,Housekeeping / Chores,1,northwestnewjersey
9,is_parent,Home,2,northwestnewjersey
7,9,Garden & Yard Work,1,northwestnewjersey
72,9,Painting,1,northwestnewjersey
8,is_parent,"Arts, Crafts & Music",0,oahu
0,is_parent,Business Services,0,oahu
4,is_parent,Community Activities,0,oahu
3,is_parent,Companionship,0,oahu
7,is_parent,Education,0,oahu
2,is_parent,Help At Home,0,oahu
9,is_parent,Home,0,oahu
5,is_parent,Body/Wellness,11,ojai
40,5,Complementary Therapies,4,ojai
4,5,Counseling,3,ojai
42,5,Diet & Nutrition,2,ojai
43,5,Fitness & Exercise,1,ojai
89,5,Massage,2,ojai
44,5,Medical Services,2,ojai
46,5,Miscellaneous,1,ojai
26,5,Personal Training,1,ojai
45,5,Yoga / Meditation,3,ojai
0,is_parent,Business Services,1,ojai
77,0,Financial,1,ojai
78,0,Legal,1,ojai
79,0,Marketing,1,ojai
4,is_parent,Car,0,ojai
5,is_parent,Computer,2,ojai
29,5,Graphic Design,2,ojai
7,5,Website Editing,1,ojai
7,is_parent,Education,3,ojai
54,7,Advocacy,1,ojai
55,7,Classes / Workshops,1,ojai
57,7,Languages / Translation,2,ojai
59,7,Tutoring K-12,2,ojai
2,is_parent,Help At Home,4,ojai
9,2,Child Care,1,ojai
22,2,Housekeeping,1,ojai
23,2,Pet Care,2,ojai
87,is_parent,Help Ojai Time Exchange!,1,ojai
88,87,OTX Design,1,ojai
9,is_parent,Home,4,ojai
74,9,Miscellaneous,2,ojai
7,9,Yard Work,2,ojai
98,is_parent,Kitchen,0,ojai
9,is_parent,Media,2,ojai
20,9,Film/Video,1,ojai
2,9,Music/Recording,1,ojai
8,is_parent,"Arts, Crafts & Music",15,orexchange
62,8,Crafts,4,orexchange
375,8,Music,1,orexchange
67,8,"Other Arts, Crafts & Music",3,orexchange
65,8,Photo & Video,8,orexchange
66,8,Theater,1,orexchange
0,is_parent,Business Services,14,orexchange
75,0,Clerical,3,orexchange
76,0,Computer Support,5,orexchange
77,0,Financial,1,orexchange
79,0,Marketing,1,orexchange
8,0,Other Business Services,5,orexchange
80,0,Research,1,orexchange
4,is_parent,Community Activities,2,orexchange
34,4,Community Service,1,orexchange
340,4,Group Projects,1,orexchange
39,4,Other Community Activities,1,orexchange
38,4,Work For Social Change,1,orexchange
3,is_parent,Companionship,4,orexchange
27,3,Dining Out,1,orexchange
29,3,Home Visits,3,orexchange
7,is_parent,Education,16,orexchange
54,7,Advocacy,1,orexchange
55,7,Classes / Workshops,2,orexchange
56,7,Computers / Technology,3,orexchange
57,7,Languages / Translation,4,orexchange
60,7,Other Education,2,orexchange
59,7,Tutoring / Mentoring,12,orexchange
345,is_parent,Elder Services,2,orexchange
348,345,"Companionship - reading, dining out",1,orexchange
347,345,Help at Home,1,orexchange
343,is_parent,For Youth/Children,6,orexchange
349,343,Child care,1,orexchange
356,343,Lessons/Classes for Youth/Children,5,orexchange
2,is_parent,Help At Home,17,orexchange
364,2,Cooking,2,orexchange
20,2,Cooking & Sewing,7,orexchange
22,2,Housekeeping / Chores,2,orexchange
25,2,Other Help at Home,3,orexchange
23,2,Pet Care,3,orexchange
24,2,Respite (for caregivers),1,orexchange
365,2,Sewing,1,orexchange
9,is_parent,Home,9,orexchange
70,9,Electrical,1,orexchange
74,9,Miscellaneous,8,orexchange
366,is_parent,ORE Timebank,2,orexchange
373,366,Community Weaver Support,1,orexchange
370,366,Help our timebank,1,orexchange
82,is_parent,All Other Services,0,otaki
8,is_parent,"Arts, Crafts & Music",1,otaki
62,8,Crafts,1,otaki
0,is_parent,Business Services,1,otaki
79,0,Marketing,1,otaki
4,is_parent,Community Activities,0,otaki
3,is_parent,Companionship,0,otaki
7,is_parent,Education,0,otaki
83,is_parent,For Sale,0,otaki
85,is_parent,Free Stuff,1,otaki
73,85,Free Stuff,1,otaki
88,is_parent,Garden,1,otaki
95,88,Produce exchange,1,otaki
2,is_parent,Help At Home,0,otaki
9,is_parent,Home,0,otaki
6,is_parent,Recreation,0,otaki
8,is_parent,"Arts, Crafts & Music",0,ourcommunity
0,is_parent,Business Services,0,ourcommunity
4,is_parent,Community Activities,0,ourcommunity
3,is_parent,Companionship,0,ourcommunity
7,is_parent,Education,0,ourcommunity
2,is_parent,Help At Home,0,ourcommunity
9,is_parent,Home,0,ourcommunity
8,is_parent,"Arts, Crafts & Music",0,oscab
0,is_parent,Business Services,0,oscab
4,is_parent,Community Activities,0,oscab
3,is_parent,Companionship,0,oscab
7,is_parent,Education,0,oscab
2,is_parent,Help At Home,0,oscab
9,is_parent,Home,0,oscab
8,is_parent,"Arts, Crafts & Music",3,washingtoncountywi
6,8,Classes,1,washingtoncountywi
63,8,Entertainment,1,washingtoncountywi
66,8,Theater,1,washingtoncountywi
0,is_parent,Business Services,0,washingtoncountywi
4,is_parent,Community Activities,0,washingtoncountywi
3,is_parent,Companionship,2,washingtoncountywi
27,3,Dining Out,1,washingtoncountywi
32,3,Miscellaneous,2,washingtoncountywi
7,is_parent,Education,0,washingtoncountywi
2,is_parent,Help At Home,1,washingtoncountywi
2,2,Hair & Beauty,1,washingtoncountywi
9,is_parent,Home,0,washingtoncountywi
8,is_parent,"Arts, Crafts & Music",1,ay4wardbank
20,8,Cooking & Sewing,1,ay4wardbank
64,8,Lessons,1,ay4wardbank
0,is_parent,Business Services,11,ay4wardbank
97,0,Beta Testers for Other Products,3,ay4wardbank
95,0,Beta Testers for Software,1,ay4wardbank
93,0,Beta Testers for Tech Products,2,ay4wardbank
75,0,Clerical and Admin work,1,ay4wardbank
87,0,Consulting,7,ay4wardbank
79,0,Marketing,3,ay4wardbank
8,0,Miscellaneous,3,ay4wardbank
88,0,"Start-Up Board Member, Advisor",4,ay4wardbank
4,is_parent,Community Activities,0,ay4wardbank
7,is_parent,Education,1,ay4wardbank
89,7,Six Sigma,1,ay4wardbank
9,is_parent,Home,0,ay4wardbank
8,is_parent,"Arts, Crafts & Music",5,atb
62,8,Crafts,3,atb
67,8,Miscellaneous,1,atb
65,8,Photo & Video,1,atb
0,is_parent,Business Services,7,atb
75,0,Clerical,1,atb
76,0,Computer Support,2,atb
77,0,Financial,1,atb
79,0,Marketing,2,atb
8,0,Miscellaneous,2,atb
4,is_parent,Community Activities,4,atb
35,4,Fund-raising,1,atb
92,4,Socials,1,atb
37,4,Special Projects,1,atb
38,4,Work For Social Change,1,atb
3,is_parent,Companionship,2,atb
32,3,Miscellaneous,2,atb
7,is_parent,Education,7,atb
55,7,Classes / Workshops,1,atb
56,7,Computers / Technology,1,atb
60,7,Miscellaneous,1,atb
59,7,Tutoring / Mentoring,4,atb
2,is_parent,Help At Home,6,atb
88,2,Cooking,2,atb
2,2,Hair & Beauty,1,atb
22,2,Housekeeping / Chores,1,atb
25,2,Miscellaneous,1,atb
20,2,Sewing,1,atb
9,is_parent,Home,1,atb
7,9,Garden & Yard Work,1,atb
8,is_parent,"Arts, Crafts & Music",1,orirua
62,8,Crafts,1,orirua
0,is_parent,Business Services,0,orirua
4,is_parent,Community Activities,0,orirua
3,is_parent,Companionship,0,orirua
7,is_parent,Education,0,orirua
2,is_parent,Help At Home,0,orirua
9,is_parent,Home,0,orirua
8,is_parent,"Arts, Crafts & Music",0,ridestl
0,is_parent,Business Services,0,ridestl
4,is_parent,Community Activities,0,ridestl
3,is_parent,Companionship,0,ridestl
7,is_parent,Education,0,ridestl
2,is_parent,Help At Home,0,ridestl
9,is_parent,Home,0,ridestl
8,is_parent,"Arts, Crafts & Music",0,rojectbunbury
0,is_parent,Business Services,0,rojectbunbury
4,is_parent,Community Activities,0,rojectbunbury
3,is_parent,Companionship,0,rojectbunbury
7,is_parent,Education,2,rojectbunbury
55,7,Classes / Workshops,1,rojectbunbury
60,7,Miscellaneous,1,rojectbunbury
59,7,Tutoring / Mentoring,1,rojectbunbury
2,is_parent,Help At Home,1,rojectbunbury
2,2,Hair & Beauty,1,rojectbunbury
9,is_parent,Home,0,rojectbunbury
8,is_parent,"Arts, Crafts & Music",0,reciprocity
0,is_parent,Business Services,2,reciprocity
8,0,Miscellaneous,1,reciprocity
80,0,Research,2,reciprocity
4,is_parent,Community Activities,1,reciprocity
37,4,Special Projects,1,reciprocity
93,is_parent,Community Organizing,0,reciprocity
3,is_parent,Companionship,3,reciprocity
28,3,Email / IM,1,reciprocity
29,3,Home Visits,1,reciprocity
32,3,Miscellaneous,2,reciprocity
3,3,Telephone Calls,1,reciprocity
7,is_parent,Education,2,reciprocity
58,7,Personal Finances,1,reciprocity
59,7,Tutoring / Mentoring,1,reciprocity
2,is_parent,Help At Home,5,reciprocity
20,2,Cooking,2,reciprocity
2,2,Hair & Beauty,3,reciprocity
9,is_parent,Home,0,reciprocity
8,is_parent,"Arts, Crafts & Music",0,rvtb
0,is_parent,Business Services,0,rvtb
4,is_parent,Community Activities,0,rvtb
3,is_parent,Companionship,0,rvtb
7,is_parent,Education,0,rvtb
2,is_parent,Help At Home,0,rvtb
9,is_parent,Home,0,rvtb
8,is_parent,"Arts, Crafts & Music",2,scouts
63,8,Entertainment,1,scouts
67,8,Miscellaneous,1,scouts
65,8,Photo & Video,1,scouts
0,is_parent,Business Services,0,scouts
4,is_parent,Community Activities,0,scouts
3,is_parent,Companionship,0,scouts
7,is_parent,Education,0,scouts
2,is_parent,Help At Home,1,scouts
22,2,Housekeeping / Chores,1,scouts
9,is_parent,Home,1,scouts
7,9,Garden & Yard Work,1,scouts
74,9,Miscellaneous,1,scouts
8,is_parent,"Arts, Crafts & Music",20,sebastopolarea
6,8,Classes,3,sebastopolarea
62,8,Crafts,4,sebastopolarea
63,8,Entertainment,1,sebastopolarea
64,8,Lessons,8,sebastopolarea
67,8,Miscellaneous,5,sebastopolarea
65,8,Photo & Video,3,sebastopolarea
35,8,Photo and video editing,1,sebastopolarea
66,8,Theater,1,sebastopolarea
20,8,Writing/Editing,3,sebastopolarea
0,is_parent,Business Services,12,sebastopolarea
76,0,Computer Support,3,sebastopolarea
77,0,Financial,2,sebastopolarea
78,0,Legal,1,sebastopolarea
23,0,Make presentations,1,sebastopolarea
79,0,Marketing,2,sebastopolarea
8,0,Miscellaneous,3,sebastopolarea
54,0,Organizing,1,sebastopolarea
80,0,Research,3,sebastopolarea
4,is_parent,Community Activities,2,sebastopolarea
36,4,Donate My Hours to a good cause,1,sebastopolarea
29,4,Events - Food preparation,1,sebastopolarea
3,is_parent,Companionship,4,sebastopolarea
29,3,Home Visits,2,sebastopolarea
32,3,Miscellaneous,1,sebastopolarea
3,3,Telephone Calls,1,sebastopolarea
7,is_parent,Education,16,sebastopolarea
54,7,Advocacy,3,sebastopolarea
55,7,Classes / Workshops,5,sebastopolarea
56,7,Computers / Technology,3,sebastopolarea
60,7,Miscellaneous,4,sebastopolarea
59,7,Tutoring / Mentoring,5,sebastopolarea
37,is_parent,Emergency Services,2,sebastopolarea
45,37,Communication - computer,1,sebastopolarea
44,37,Communication - phone,1,sebastopolarea
38,37,Medical Expertise,1,sebastopolarea
5,is_parent,FIX-IT PARTIES,2,sebastopolarea
53,5,September Fix-it Party: Offer of supplies,2,sebastopolarea
2,is_parent,Help At Home,12,sebastopolarea
20,2,Cooking & Sewing,1,sebastopolarea
2,2,Hair & Beauty,1,sebastopolarea
25,2,Miscellaneous,6,sebastopolarea
23,2,Pet Care,5,sebastopolarea
9,is_parent,Home,12,sebastopolarea
69,9,Carpentry / Construction,4,sebastopolarea
7,9,"Garden, Yard and Farm Work",1,sebastopolarea
74,9,Miscellaneous,7,sebastopolarea
55,9,Organizing,1,sebastopolarea
72,9,Painting,1,sebastopolarea
73,9,Plumbing,3,sebastopolarea
8,is_parent,"Arts, Crafts & Music",0,sobrantepark
0,is_parent,Business Services,0,sobrantepark
4,is_parent,Community Activities,0,sobrantepark
3,is_parent,Companionship,0,sobrantepark
7,is_parent,Education,0,sobrantepark
2,is_parent,Help At Home,0,sobrantepark
9,is_parent,Home,0,sobrantepark
8,is_parent,"Arts, Crafts & Music",2,springhillfl
62,8,Crafts,2,springhillfl
64,8,Lessons,2,springhillfl
0,is_parent,Business Services,4,springhillfl
76,0,Computer Support,1,springhillfl
8,0,Miscellaneous,3,springhillfl
4,is_parent,Community Activities,2,springhillfl
34,4,Community Service,1,springhillfl
36,4,Help Our TimeBank!,1,springhillfl
3,is_parent,Companionship,3,springhillfl
26,3,Clubs,1,springhillfl
27,3,Dining Out,2,springhillfl
32,3,Miscellaneous,1,springhillfl
3,3,Telephone Calls,1,springhillfl
7,is_parent,Education,3,springhillfl
55,7,Classes / Workshops,2,springhillfl
59,7,Tutoring / Mentoring,1,springhillfl
2,is_parent,Help At Home,0,springhillfl
9,is_parent,Home,0,springhillfl
8,is_parent,"Arts, Crafts & Music",0,spur
0,is_parent,Business Services,1,spur
77,0,Financial,1,spur
4,is_parent,Community Activities,0,spur
3,is_parent,Companionship,0,spur
7,is_parent,Education,0,spur
2,is_parent,Help At Home,0,spur
9,is_parent,Home,0,spur
8,is_parent,"Arts, Crafts & Music",16,stpete
6,8,Classes,4,stpete
62,8,Crafts,2,stpete
63,8,Entertainment,3,stpete
64,8,Lessons,7,stpete
65,8,Photo & Video,2,stpete
0,is_parent,Business Services,13,stpete
87,0,Administration,3,stpete
75,0,Clerical,2,stpete
76,0,Computer Support,2,stpete
77,0,Financial,1,stpete
78,0,Legal,1,stpete
79,0,Marketing,5,stpete
3,0,Professional Services,3,stpete
4,is_parent,Community Activities,10,stpete
33,4,Clean-up / Recycling,2,stpete
34,4,Community Service,2,stpete
86,4,Group Projects,2,stpete
36,4,Help Our TimeBank!,2,stpete
9,4,Social Activities,3,stpete
37,4,Special Projects,2,stpete
3,is_parent,Companionship,6,stpete
27,3,Dining Out,1,stpete
29,3,Home Visits,1,stpete
88,3,Meet For Coffee,4,stpete
7,is_parent,Education,17,stpete
54,7,Advocacy,2,stpete
55,7,Classes / Workshops,5,stpete
56,7,Computers / Technology,3,stpete
57,7,Languages / Translation,2,stpete
58,7,Personal Finances,1,stpete
59,7,Tutoring / Mentoring,7,stpete
92,is_parent,For Rent,5,stpete
94,92,Equipment Rental,3,stpete
93,92,Room Rent,2,stpete
2,is_parent,Help At Home/Domestic,17,stpete
9,2,Child Care,3,stpete
20,2,Cooking & Sewing,8,stpete
22,2,Housekeeping / Chores /Organization,4,stpete
23,2,Pet Care/Pet Sitting,2,stpete
24,2,Respite Care,1,stpete
9,is_parent,Home Maintenance,16,stpete
68,9,Car Care,1,stpete
69,9,Carpentry / Construction,2,stpete
90,9,Decorating,3,stpete
7,9,Garden & Yard Work,10,stpete
72,9,Painting,2,stpete
8,is_parent,"Arts, Crafts & Music",2,startribehours
6,8,Classes,1,startribehours
67,8,Miscellaneous,1,startribehours
0,is_parent,Business Services,2,startribehours
75,0,Clerical,1,startribehours
76,0,Computer Support,1,startribehours
90,0,Graphic Design,1,startribehours
4,is_parent,Community Activities,0,startribehours
7,is_parent,Education,4,startribehours
55,7,Classes / Workshops,1,startribehours
57,7,Languages / Translation,1,startribehours
59,7,Tutoring / Mentoring,2,startribehours
2,is_parent,Help At Home,1,startribehours
9,2,Child Care,1,startribehours
3,is_parent,Home care,0,startribehours
8,is_parent,"Arts, Crafts & Music",1,swel
67,8,Miscellaneous,1,swel
0,is_parent,Business Services,7,swel
75,0,Clerical,1,swel
76,0,Computer Support,2,swel
77,0,Financial,1,swel
79,0,Marketing,1,swel
8,0,Miscellaneous,5,swel
4,is_parent,Community Activities,4,swel
36,4,Help Our TimeBank!,1,swel
39,4,Miscellaneous,4,swel
3,is_parent,Companionship,3,swel
30,3,Medical Errands,1,swel
32,3,Miscellaneous,2,swel
7,is_parent,Education,6,swel
60,7,Miscellaneous,6,swel
2,is_parent,Help At Home,18,swel
20,2,Cooking & Sewing,4,swel
2,2,Hair & Beauty,1,swel
22,2,Housekeeping / Chores,3,swel
25,2,Miscellaneous,11,swel
9,is_parent,Home,4,swel
74,9,Miscellaneous,4,swel
8,is_parent,"Arts, Crafts & Music",3,akomatime
6,8,Classes,1,akomatime
62,8,Crafts,1,akomatime
87,8,Knitting & Crochet,1,akomatime
0,is_parent,Business Services,2,akomatime
8,0,Miscellaneous,2,akomatime
4,is_parent,Community Activities,4,akomatime
36,4,Help Our TimeBank!,1,akomatime
39,4,Miscellaneous,2,akomatime
38,4,Work For Social Change,1,akomatime
3,is_parent,Companionship,0,akomatime
7,is_parent,Education,6,akomatime
57,7,Languages / Translation,1,akomatime
60,7,Miscellaneous,3,akomatime
59,7,Tutoring / Mentoring,2,akomatime
2,is_parent,Help At Home,2,akomatime
23,2,Pet Care,2,akomatime
9,is_parent,Home,0,akomatime
8,is_parent,"Arts, Crafts & Music",7,aneycounty
6,8,Classes,1,aneycounty
62,8,Crafts,1,aneycounty
64,8,Lessons,7,aneycounty
0,is_parent,Business Services,0,aneycounty
4,is_parent,Community Activities,1,aneycounty
86,4,Group Projects,1,aneycounty
3,is_parent,Companionship,0,aneycounty
7,is_parent,Education,8,aneycounty
55,7,Classes / Workshops,7,aneycounty
59,7,Tutoring / Mentoring,1,aneycounty
2,is_parent,Help At Home,7,aneycounty
9,2,Child Care,1,aneycounty
20,2,Cooking & Sewing,4,aneycounty
22,2,Housekeeping / Chores,1,aneycounty
25,2,Miscellaneous,1,aneycounty
9,is_parent,Home,2,aneycounty
74,9,Miscellaneous,2,aneycounty
8,is_parent,"Arts, Crafts & Music",13,aranaki
62,8,Art & Crafts,6,aranaki
8,8,Books,2,aranaki
32,8,Cooking,4,aranaki
63,8,Entertainment,1,aranaki
64,8,Lessons,2,aranaki
67,8,Miscellaneous,2,aranaki
0,is_parent,Business Services,9,aranaki
75,0,Clerical,4,aranaki
76,0,Computer Support,8,aranaki
77,0,Financial,2,aranaki
79,0,Marketing,1,aranaki
8,0,Miscellaneous,2,aranaki
4,is_parent,Community Activities,5,aranaki
34,4,Community Service,2,aranaki
35,4,Fund-raising,1,aranaki
39,4,Miscellaneous,2,aranaki
3,is_parent,Companionship,3,aranaki
3,3,"Communication (Telephone Calls, emails...)",1,aranaki
32,3,Miscellaneous,1,aranaki
38,3,Socializing,1,aranaki
7,is_parent,Education,17,aranaki
54,7,Advocacy,4,aranaki
55,7,Classes / Workshops,5,aranaki
56,7,Computers / Technology,3,aranaki
57,7,Languages / Translation,3,aranaki
60,7,Miscellaneous,3,aranaki
59,7,Tutoring / Mentoring,8,aranaki
2,is_parent,Help At Home,12,aranaki
9,2,Child Care,4,aranaki
20,2,Cooking & Sewing,4,aranaki
25,2,Miscellaneous,3,aranaki
23,2,Pet Care,1,aranaki
26,is_parent,Help our Timebank,0,aranaki
9,is_parent,Home,7,aranaki
69,9,Carpentry / Construction,1,aranaki
7,9,Garden & Yard Work,6,aranaki
74,9,Miscellaneous,4,aranaki
8,is_parent,"Arts, Crafts & Music",0,est-launch-2018-07-28-2058
0,is_parent,Business Services,0,est-launch-2018-07-28-2058
4,is_parent,Community Activities,0,est-launch-2018-07-28-2058
3,is_parent,Companionship,0,est-launch-2018-07-28-2058
7,is_parent,Education,0,est-launch-2018-07-28-2058
2,is_parent,Help At Home,0,est-launch-2018-07-28-2058
9,is_parent,Home,0,est-launch-2018-07-28-2058
8,is_parent,"Arts, Crafts & Music",1,ecommunityprojec
6,8,Classes,1,ecommunityprojec
0,is_parent,Business Services,2,ecommunityprojec
79,0,Marketing,2,ecommunityprojec
4,is_parent,Community Activities,0,ecommunityprojec
3,is_parent,Companionship,0,ecommunityprojec
7,is_parent,Education,3,ecommunityprojec
59,7,Tutoring / Mentoring,3,ecommunityprojec
2,is_parent,Help At Home,0,ecommunityprojec
9,is_parent,Home,0,ecommunityprojec
8,is_parent,"Arts, Crafts & Music",8,uttsou
6,8,Classes,2,uttsou
62,8,Crafts,3,uttsou
63,8,Entertainment,1,uttsou
64,8,Lessons,2,uttsou
67,8,Miscellaneous,1,uttsou
0,is_parent,Business Services,2,uttsou
76,0,Computer Support,1,uttsou
77,0,Financial,1,uttsou
4,is_parent,Community Activities,5,uttsou
33,4,Clean-up / Recycling,1,uttsou
34,4,Community Service,2,uttsou
86,4,Group Projects,2,uttsou
39,4,Miscellaneous,2,uttsou
38,4,Work For Social Change,2,uttsou
3,is_parent,Companionship,2,uttsou
26,3,Clubs,1,uttsou
27,3,Dining Out,1,uttsou
7,is_parent,Education,8,uttsou
55,7,Classes / Workshops,1,uttsou
56,7,Computers / Technology,2,uttsou
57,7,Languages / Translation,1,uttsou
60,7,Miscellaneous,1,uttsou
58,7,Personal Finances,2,uttsou
59,7,Tutoring / Mentoring,2,uttsou
2,is_parent,Help At Home,16,uttsou
20,2,Cooking,8,uttsou
2,2,Hair & Beauty,4,uttsou
25,2,Miscellaneous,3,uttsou
87,2,sewing,2,uttsou
9,is_parent,Home,6,uttsou
7,9,Garden & Yard Work,4,uttsou
74,9,Miscellaneous,2,uttsou
8,is_parent,"Arts, Crafts & Music",2,lyttelton
67,8,Miscellaneous,2,lyttelton
0,is_parent,Business Services,2,lyttelton
75,0,Clerical,1,lyttelton
76,0,Computer Support,1,lyttelton
77,0,Financial,1,lyttelton
4,is_parent,Community Activities,1,lyttelton
34,4,Community Service,1,lyttelton
37,4,Special Projects,1,lyttelton
3,is_parent,Companionship,0,lyttelton
7,is_parent,Education,2,lyttelton
60,7,Miscellaneous,1,lyttelton
58,7,Personal Finances,1,lyttelton
59,7,Tutoring / Mentoring,1,lyttelton
2,is_parent,Help At Home,1,lyttelton
22,2,Housekeeping / Chores,1,lyttelton
25,2,Miscellaneous,1,lyttelton
23,2,Pet Care,1,lyttelton
9,is_parent,Home,1,lyttelton
7,9,Garden & Yard Work,1,lyttelton
8,is_parent,"Arts, Crafts & Music",0,sanctuaryseniorvillage
0,is_parent,Business Services,0,sanctuaryseniorvillage
4,is_parent,Community Activities,0,sanctuaryseniorvillage
3,is_parent,Companionship,1,sanctuaryseniorvillage
3,3,Telephone Calls,1,sanctuaryseniorvillage
7,is_parent,Education,0,sanctuaryseniorvillage
2,is_parent,Help At Home,0,sanctuaryseniorvillage
9,is_parent,Home,0,sanctuaryseniorvillage
8,is_parent,"Arts, Crafts & Music",10,ierrasanta
6,8,Classes,1,ierrasanta
62,8,Crafts,5,ierrasanta
63,8,Entertainment,2,ierrasanta
64,8,Lessons,1,ierrasanta
67,8,Miscellaneous,1,ierrasanta
65,8,Photo & Video,2,ierrasanta
0,is_parent,Business Services,10,ierrasanta
75,0,Clerical,4,ierrasanta
76,0,Computer Support,5,ierrasanta
8,0,Miscellaneous,2,ierrasanta
4,is_parent,Community Activities,3,ierrasanta
86,4,Group Projects,1,ierrasanta
36,4,Help Our TimeBank!,1,ierrasanta
39,4,Miscellaneous,1,ierrasanta
3,is_parent,Companionship,5,ierrasanta
27,3,Dining Out,1,ierrasanta
29,3,Home Visits,1,ierrasanta
32,3,Miscellaneous,3,ierrasanta
7,is_parent,Education,14,ierrasanta
55,7,Classes / Workshops,1,ierrasanta
56,7,Computers / Technology,8,ierrasanta
57,7,Languages / Translation,3,ierrasanta
60,7,Miscellaneous,2,ierrasanta
59,7,Tutoring / Mentoring,1,ierrasanta
2,is_parent,Help At Home,18,ierrasanta
20,2,Cooking & Sewing,4,ierrasanta
25,2,Miscellaneous,8,ierrasanta
23,2,Pet Care,3,ierrasanta
24,2,Respite Care,3,ierrasanta
9,is_parent,Home,12,ierrasanta
68,9,Car Care,1,ierrasanta
70,9,Electrical,1,ierrasanta
7,9,Garden & Yard Work,5,ierrasanta
74,9,Miscellaneous,4,ierrasanta
73,9,Plumbing,1,ierrasanta
8,is_parent,"Arts, Crafts & Music",0,galesburgil
0,is_parent,Business Services,0,galesburgil
4,is_parent,Community Activities,0,galesburgil
3,is_parent,Companionship,0,galesburgil
7,is_parent,Education,0,galesburgil
2,is_parent,Help At Home,0,galesburgil
9,is_parent,Home,0,galesburgil
8,is_parent,"Arts, Crafts & Music",1,westmilford
65,8,Photo & Video,1,westmilford
0,is_parent,Business Services,0,westmilford
4,is_parent,Community Activities,1,westmilford
36,4,Help Our TimeBank!,1,westmilford
3,is_parent,Companionship,0,westmilford
7,is_parent,Education,0,westmilford
2,is_parent,Help At Home,0,westmilford
9,is_parent,Home,0,westmilford
8,is_parent,"Arts, Crafts & Music",3,stannsbay
62,8,Crafts,3,stannsbay
64,8,Lessons,1,stannsbay
0,is_parent,Business Services,6,stannsbay
76,0,Computer Support,3,stannsbay
79,0,Marketing,2,stannsbay
8,0,Miscellaneous,3,stannsbay
4,is_parent,Community Activities,13,stannsbay
33,4,Clean-up / Recycling,1,stannsbay
34,4,Community Service,2,stannsbay
86,4,Group Projects,11,stannsbay
36,4,Help Our TimeBank!,1,stannsbay
39,4,Miscellaneous,1,stannsbay
37,4,Special Projects,1,stannsbay
3,is_parent,Companionship,10,stannsbay
27,3,Dining Out,1,stannsbay
29,3,Home Visits,4,stannsbay
3,3,Telephone Calls,6,stannsbay
7,is_parent,Education,8,stannsbay
54,7,Advocacy,1,stannsbay
55,7,Classes / Workshops,2,stannsbay
56,7,Computers / Technology,2,stannsbay
57,7,Languages / Translation,1,stannsbay
60,7,Miscellaneous,1,stannsbay
59,7,Tutoring / Mentoring,3,stannsbay
2,is_parent,Help At Home,13,stannsbay
20,2,Cooking & Sewing,10,stannsbay
2,2,Hair & Beauty,1,stannsbay
23,2,Pet Care,2,stannsbay
24,2,Respite Care,2,stannsbay
9,is_parent,Home,7,stannsbay
7,9,Garden & Yard Work,4,stannsbay
74,9,Miscellaneous,2,stannsbay
73,9,Plumbing,1,stannsbay
8,is_parent,"Arts, Crafts & Music",0,kaikoura
0,is_parent,Business Services,0,kaikoura
4,is_parent,Community Activities,0,kaikoura
3,is_parent,Companionship,0,kaikoura
7,is_parent,Education,0,kaikoura
2,is_parent,Help At Home,0,kaikoura
9,is_parent,Home,0,kaikoura
92,is_parent,Kaikoura Specific,0,kaikoura
8,is_parent,"Arts, Crafts & Music",5,mainetime
6,8,Classes,1,mainetime
63,8,Entertainment,3,mainetime
64,8,Lessons,2,mainetime
67,8,Miscellaneous,1,mainetime
65,8,Photo & Video,1,mainetime
0,is_parent,Business Services,4,mainetime
75,0,Clerical,1,mainetime
77,0,Financial,2,mainetime
78,0,Legal,1,mainetime
4,is_parent,Community Activities,7,mainetime
34,4,Community Service,3,mainetime
36,4,Help Our TimeBank!,2,mainetime
39,4,Miscellaneous,2,mainetime
38,4,Work For Social Change,1,mainetime
3,is_parent,Companionship,0,mainetime
7,is_parent,Education,11,mainetime
54,7,Advocacy,1,mainetime
55,7,Classes / Workshops,3,mainetime
56,7,Computers / Technology,1,mainetime
57,7,Languages / Translation,1,mainetime
58,7,Personal Finances,1,mainetime
59,7,Tutoring / Mentoring,6,mainetime
2,is_parent,Help At Home,4,mainetime
92,2,Cooking,1,mainetime
22,2,Housekeeping / Chores,1,mainetime
25,2,Miscellaneous,3,mainetime
9,is_parent,Home,3,mainetime
7,9,Garden & Yard Work,2,mainetime
95,9,Organizing,1,mainetime
8,is_parent,"Arts, Crafts & Music",0,newzealand
0,is_parent,Business Services,0,newzealand
4,is_parent,Community Activities,0,newzealand
3,is_parent,Companionship,0,newzealand
7,is_parent,Education,1,newzealand
60,7,Miscellaneous,1,newzealand
2,is_parent,Help At Home,0,newzealand
9,is_parent,Home,1,newzealand
74,9,Miscellaneous,1,newzealand
8,is_parent,"Arts, Crafts & Music",0,bfredericton
0,is_parent,Business Services,0,bfredericton
4,is_parent,Community Activities,0,bfredericton
3,is_parent,Companionship,0,bfredericton
7,is_parent,Education,1,bfredericton
57,7,Languages / Translation,1,bfredericton
2,is_parent,Help At Home,0,bfredericton
9,is_parent,Home,0,bfredericton
8,is_parent,"Arts, Crafts & Music",0,bhawaii
0,is_parent,Business Services,0,bhawaii
4,is_parent,Community Activities,0,bhawaii
3,is_parent,Companionship,0,bhawaii
7,is_parent,Education,0,bhawaii
2,is_parent,Help At Home,0,bhawaii
9,is_parent,Home,0,bhawaii
8,is_parent,"Arts, Crafts & Music",3,urunui
6,8,Classes,1,urunui
62,8,Crafts,1,urunui
64,8,Lessons,1,urunui
0,is_parent,Business Services,2,urunui
77,0,Financial,1,urunui
79,0,Marketing,1,urunui
8,0,Miscellaneous,1,urunui
4,is_parent,Community Activities,3,urunui
34,4,Community Service,1,urunui
35,4,Fund-raising,1,urunui
36,4,Help Our TimeBank!,1,urunui
3,is_parent,Companionship,3,urunui
29,3,Home Visits,1,urunui
225,3,Walking/biking,2,urunui
72,is_parent,Eco-Living/Sustainable Solutions,1,urunui
78,72,Community food projects,1,urunui
7,is_parent,Education,1,urunui
59,7,Tutoring / Mentoring,1,urunui
2,is_parent,Help At Home,2,urunui
20,2,Cooking & Sewing,1,urunui
24,2,Respite Care,1,urunui
36,is_parent,Help Our TimeBank!,0,urunui
9,is_parent,Home,3,urunui
69,9,Carpentry / Construction,1,urunui
7,9,Garden & Yard Work,2,urunui
218,is_parent,Local/National Culture & Knowledge,3,urunui
223,218,Genealogy,1,urunui
219,218,History,1,urunui
226,218,Walking trails,2,urunui
8,is_parent,"Arts, Crafts & Music",5,mcs1stopindy
62,8,Crafts,2,mcs1stopindy
64,8,Lessons,3,mcs1stopindy
67,8,Miscellaneous,2,mcs1stopindy
65,8,Photo & Video,1,mcs1stopindy
0,is_parent,Business Services,3,mcs1stopindy
79,0,Marketing,1,mcs1stopindy
8,0,Miscellaneous,1,mcs1stopindy
80,0,Research,1,mcs1stopindy
4,is_parent,Community Activities,2,mcs1stopindy
37,4,Special Projects,1,mcs1stopindy
38,4,Work For Social Change,1,mcs1stopindy
3,is_parent,Companionship,1,mcs1stopindy
27,3,Dining Out,1,mcs1stopindy
29,3,Home Visits,1,mcs1stopindy
32,3,Miscellaneous,1,mcs1stopindy
7,is_parent,Education (General),3,mcs1stopindy
55,7,Classes / Workshops,1,mcs1stopindy
60,7,Miscellaneous,1,mcs1stopindy
59,7,Tutoring / Mentoring,2,mcs1stopindy
93,is_parent,Education (Sustainable Living),3,mcs1stopindy
95,93,Fiber Arts,1,mcs1stopindy
97,93,Permaculture & Gardening,2,mcs1stopindy
2,is_parent,Help At Home,1,mcs1stopindy
87,2,Sewing,1,mcs1stopindy
9,is_parent,Home,3,mcs1stopindy
7,9,Garden & Yard Work,2,mcs1stopindy
74,9,Miscellaneous,1,mcs1stopindy
8,is_parent,"Arts, Crafts & Music",6,manawatu
6,8,Classes,3,manawatu
62,8,Crafts,1,manawatu
64,8,Lessons,3,manawatu
67,8,Miscellaneous,1,manawatu
65,8,Photo & Video,1,manawatu
0,is_parent,Business Services,6,manawatu
76,0,Computer Support,3,manawatu
8,0,Miscellaneous,2,manawatu
80,0,Research,1,manawatu
4,is_parent,Community Activities,2,manawatu
37,4,Special Projects,1,manawatu
38,4,Work For Social Change,1,manawatu
3,is_parent,Companionship,3,manawatu
28,3,Email / IM,1,manawatu
29,3,Home Visits,2,manawatu
32,3,Miscellaneous,3,manawatu
7,is_parent,Education,14,manawatu
54,7,Advocacy,1,manawatu
55,7,Classes / Workshops,3,manawatu
56,7,Computers / Technology,2,manawatu
57,7,Languages / Translation,4,manawatu
60,7,Miscellaneous,4,manawatu
59,7,Tutoring / Mentoring,2,manawatu
2,is_parent,Help At Home,8,manawatu
9,2,Child Care,1,manawatu
20,2,Cooking & Sewing,2,manawatu
2,2,Hair & Beauty,1,manawatu
22,2,Housekeeping / Chores,1,manawatu
25,2,Miscellaneous,3,manawatu
24,2,Respite Care,1,manawatu
9,is_parent,Home,6,manawatu
69,9,Carpentry / Construction,1,manawatu
7,9,Garden & Yard Work,4,manawatu
74,9,Miscellaneous,2,manawatu
72,9,Painting,1,manawatu
8,is_parent,"Arts, Crafts & Music",3,media
6,8,Classes,1,media
62,8,Crafts,1,media
64,8,Lessons,1,media
67,8,Miscellaneous,1,media
0,is_parent,Business Services,1,media
8,0,Miscellaneous,1,media
4,is_parent,Community Activities,0,media
3,is_parent,Companionship,0,media
7,is_parent,Education (non-reskilling),1,media
59,7,Tutoring / Mentoring,1,media
2,is_parent,Help At Home,1,media
23,2,Pet Care,1,media
9,is_parent,Home,0,media
8,is_parent,"Arts, Crafts & Music",2,nb
64,8,Lessons,1,nb
67,8,Miscellaneous,1,nb
0,is_parent,Business Services,7,nb
75,0,Clerical,1,nb
76,0,Computer Support,2,nb
79,0,Marketing,3,nb
8,0,Miscellaneous,6,nb
4,is_parent,Community Activities,4,nb
33,4,Clean-up / Recycling,1,nb
34,4,Community Service,1,nb
37,4,Special Projects,2,nb
38,4,Work For Social Change,1,nb
3,is_parent,Companionship,2,nb
26,3,Clubs,1,nb
32,3,Miscellaneous,1,nb
7,is_parent,Education,3,nb
57,7,Languages / Translation,1,nb
60,7,Miscellaneous,1,nb
59,7,Tutoring / Mentoring,1,nb
2,is_parent,Help At Home,5,nb
9,2,Child Care,1,nb
20,2,Cooking & Sewing,1,nb
22,2,Housekeeping / Chores,2,nb
25,2,Miscellaneous,2,nb
23,2,Pet Care,1,nb
24,2,Respite Care,1,nb
9,is_parent,Home,5,nb
7,9,Garden & Yard Work,3,nb
74,9,Miscellaneous,3,nb
8,is_parent,"Arts, Crafts & Music",6,raglan
6,8,Classes,3,raglan
62,8,Crafts,1,raglan
64,8,Lessons,1,raglan
67,8,Miscellaneous,1,raglan
65,8,Photo & Video,1,raglan
0,is_parent,Business Services,4,raglan
75,0,Clerical,1,raglan
76,0,Computer Support,3,raglan
8,0,Miscellaneous,2,raglan
4,is_parent,Community Activities,0,raglan
3,is_parent,Companionship,0,raglan
7,is_parent,Education,3,raglan
56,7,Computers / Technology,1,raglan
60,7,Miscellaneous,1,raglan
59,7,Tutoring / Mentoring,2,raglan
2,is_parent,Help At Home,3,raglan
9,2,Child Care,1,raglan
22,2,Housekeeping / Chores,1,raglan
25,2,Miscellaneous,1,raglan
9,is_parent,Home,3,raglan
7,9,Garden & Yard Work,2,raglan
74,9,Miscellaneous,2,raglan
8,is_parent,"Arts, Crafts & Music",3,upperhu
62,8,Crafts,3,upperhu
0,is_parent,Business Services,0,upperhu
4,is_parent,Community Activities,1,upperhu
33,4,Clean-up / Recycling,1,upperhu
3,is_parent,Companionship,1,upperhu
30,3,Medical Errands,1,upperhu
7,is_parent,Education,3,upperhu
55,7,Classes / Workshops,1,upperhu
56,7,Computers / Technology,1,upperhu
59,7,Tutoring / Mentoring,2,upperhu
2,is_parent,Help At Home,4,upperhu
9,2,Child Care,2,upperhu
20,2,Cooking & Sewing,1,upperhu
22,2,Housekeeping / Chores,1,upperhu
9,is_parent,Home,1,upperhu
7,9,Garden & Yard Work,1,upperhu
8,is_parent,"Arts, Crafts & Music",0,waimakariri
0,is_parent,Business Services,2,waimakariri
76,0,Computer Support,2,waimakariri
79,0,Marketing,1,waimakariri
4,is_parent,Community Activities,0,waimakariri
3,is_parent,Companionship,0,waimakariri
7,is_parent,Education,3,waimakariri
56,7,Computers / Technology,2,waimakariri
60,7,Miscellaneous,1,waimakariri
2,is_parent,Help At Home,3,waimakariri
9,2,Child Care,1,waimakariri
25,2,Miscellaneous,1,waimakariri
23,2,Pet Care,1,waimakariri
9,is_parent,Home,0,waimakariri
8,is_parent,"Arts, Crafts & Music",0,b13069
0,is_parent,Business Services,0,b13069
4,is_parent,Community Activities,0,b13069
3,is_parent,Companionship,0,b13069
7,is_parent,Education,0,b13069
2,is_parent,Help At Home,0,b13069
9,is_parent,Home,0,b13069
8,is_parent,"Arts, Crafts & Music",1,ops
62,8,Crafts,1,ops
22,is_parent,Board Volunteer Work,0,ops
0,is_parent,Business Services,5,ops
75,0,Clerical,1,ops
76,0,Computer Support,3,ops
77,0,Financial,1,ops
8,0,Miscellaneous,1,ops
4,is_parent,Community Activities,1,ops
38,4,Work For Social Change,1,ops
3,is_parent,Companionship,0,ops
7,is_parent,Education,3,ops
56,7,Computers / Technology,3,ops
59,7,Tutoring / Mentoring,1,ops
2,is_parent,Help At Home,9,ops
9,2,Child Care,1,ops
20,2,Cooking & Sewing,1,ops
22,2,Housekeeping / Chores,1,ops
25,2,Miscellaneous,2,ops
23,2,Pet Care,4,ops
24,2,Respite Care,1,ops
9,is_parent,Home,3,ops
7,9,Garden & Yard Work,1,ops
74,9,Miscellaneous,2,ops
8,is_parent,"Arts, Crafts & Music(, &)",0,korea
0,is_parent,Business Services( ),0,korea
4,is_parent,Community Activities( ),0,korea
3,is_parent,"Companionship(, )",0,korea
7,is_parent,Education(),0,korea
2,is_parent,Help At Home(),0,korea
9,is_parent,"Home(, )",0,korea
8,is_parent,"Arts, Crafts & Music",0,lv
0,is_parent,Business Services,0,lv
4,is_parent,Community Activities,0,lv
3,is_parent,Companionship,0,lv
7,is_parent,Education,0,lv
2,is_parent,Help At Home,1,lv
2,2,Hair & Beauty,1,lv
9,is_parent,Home,0,lv
8,is_parent,"Arts, Crafts & Music",0,imeforall
0,is_parent,Business Services,3,imeforall
76,0,Computer Support,2,imeforall
8,0,Miscellaneous,1,imeforall
4,is_parent,Community Activities,4,imeforall
36,4,Help Our TimeBank!,1,imeforall
38,4,Work For Social Change,4,imeforall
3,is_parent,Companionship,0,imeforall
7,is_parent,Education,2,imeforall
55,7,Classes / Workshops,1,imeforall
59,7,Tutoring / Mentoring,1,imeforall
9,is_parent,Home,0,imeforall
8,is_parent,"Arts, Crafts & Music",0,imetradersnor
0,is_parent,Business Services,1,imetradersnor
79,0,Marketing,1,imetradersnor
8,0,Miscellaneous,1,imetradersnor
4,is_parent,Community Activities,0,imetradersnor
3,is_parent,Companionship,0,imetradersnor
7,is_parent,Education,1,imetradersnor
60,7,Miscellaneous,1,imetradersnor
2,is_parent,Help At Home,1,imetradersnor
20,2,Cooking & Sewing,1,imetradersnor
9,is_parent,Home,0,imetradersnor
8,is_parent,"Arts, Crafts & Music",1,ogetherwecan
6,8,Classes,1,ogetherwecan
64,8,Lessons,1,ogetherwecan
67,8,Miscellaneous,1,ogetherwecan
0,is_parent,Business Services,0,ogetherwecan
4,is_parent,Community Activities,1,ogetherwecan
36,4,Help Our TimeBank!,1,ogetherwecan
3,is_parent,Companionship,0,ogetherwecan
7,is_parent,Education,0,ogetherwecan
2,is_parent,Help At Home,0,ogetherwecan
9,is_parent,Home,0,ogetherwecan
8,is_parent,"Arts, Crafts & Music",1,ullyarea
64,8,Lessons,1,ullyarea
0,is_parent,Business Services,2,ullyarea
75,0,Clerical,1,ullyarea
79,0,Marketing,1,ullyarea
4,is_parent,Community Activities,0,ullyarea
3,is_parent,Companionship,1,ullyarea
29,3,Home Visits,1,ullyarea
7,is_parent,Education,1,ullyarea
58,7,Personal Finances,1,ullyarea
2,is_parent,Help At Home,4,ullyarea
9,2,Child Care,2,ullyarea
22,2,Housekeeping / Chores,1,ullyarea
23,2,Pet Care,1,ullyarea
9,is_parent,Home,0,ullyarea
8,is_parent,"Arts, Crafts & Music",0,ubuntu
0,is_parent,Business Services,0,ubuntu
4,is_parent,Community Activities,0,ubuntu
3,is_parent,Companionship,0,ubuntu
7,is_parent,Education,0,ubuntu
2,is_parent,Help At Home,0,ubuntu
9,is_parent,Home,0,ubuntu
8,is_parent,"Arts, Crafts & Music",1,udc
6,8,Classes,1,udc
64,8,Lessons,1,udc
0,is_parent,Business Services,0,udc
4,is_parent,Community Activities,2,udc
34,4,Community Service,2,udc
38,4,Work For Social Change,1,udc
3,is_parent,Companionship,0,udc
7,is_parent,Education,1,udc
55,7,Classes / Workshops,1,udc
2,is_parent,Help At Home,0,udc
9,is_parent,Home,0,udc
8,is_parent,"Arts, Crafts & Music",3,unityexchange
6,8,Classes,1,unityexchange
64,8,Lessons,1,unityexchange
65,8,Photo & Video,1,unityexchange
0,is_parent,Business Services,0,unityexchange
4,is_parent,Community Activities,3,unityexchange
86,4,Group Projects,2,unityexchange
37,4,Special Projects,1,unityexchange
3,is_parent,Companionship,0,unityexchange
7,is_parent,Education,6,unityexchange
55,7,Classes / Workshops,3,unityexchange
59,7,Tutoring / Mentoring,5,unityexchange
2,is_parent,Help At Home,1,unityexchange
20,2,Cooking & Sewing,1,unityexchange
9,is_parent,Home,0,unityexchange
8,is_parent,"Arts, Crafts & Music",0,uva
0,is_parent,Business Services,0,uva
4,is_parent,Community Activities,0,uva
3,is_parent,Companionship,0,uva
7,is_parent,Education,0,uva
2,is_parent,Help At Home,0,uva
9,is_parent,Home,0,uva
8,is_parent,"Arts, Crafts & Music",0,villagece
0,is_parent,Business Services,0,villagece
4,is_parent,Community Activities,0,villagece
3,is_parent,Companionship,0,villagece
7,is_parent,Education,0,villagece
2,is_parent,Help At Home,0,villagece
9,is_parent,Home,0,villagece
8,is_parent,"Arts, Crafts & Music",1,waikato
67,8,Miscellaneous,1,waikato
0,is_parent,Business Services,0,waikato
4,is_parent,Community Activities,0,waikato
3,is_parent,Companionship,0,waikato
7,is_parent,Education,1,waikato
57,7,Languages / Translation,1,waikato
2,is_parent,Help At Home,3,waikato
20,2,Cooking & Sewing,1,waikato
2,2,Hair & Beauty,1,waikato
25,2,Miscellaneous,1,waikato
9,is_parent,Home,3,waikato
7,9,Garden & Yard Work,2,waikato
74,9,Miscellaneous,1,waikato
8,is_parent,"Arts, Crafts & Music",10,wairarapa
6,8,Classes,2,wairarapa
62,8,Crafts,1,wairarapa
63,8,Entertainment,1,wairarapa
64,8,Lessons,5,wairarapa
67,8,Miscellaneous,3,wairarapa
65,8,Photo & Video,1,wairarapa
66,8,Theater,2,wairarapa
0,is_parent,Business Services,3,wairarapa
76,0,Computer Support,1,wairarapa
8,0,Miscellaneous,2,wairarapa
90,0,Proofreading/editing,1,wairarapa
4,is_parent,Community Activities,7,wairarapa
86,4,Group Projects,4,wairarapa
36,4,Help Our TimeBank!,2,wairarapa
37,4,Special Projects,1,wairarapa
38,4,Work For Social Change,1,wairarapa
3,is_parent,Companionship,2,wairarapa
26,3,Clubs,1,wairarapa
29,3,Home Visits,1,wairarapa
7,is_parent,Education,11,wairarapa
54,7,Advocacy,1,wairarapa
55,7,Classes / Workshops,4,wairarapa
56,7,Computers / Technology,1,wairarapa
57,7,Languages / Translation,2,wairarapa
60,7,Miscellaneous,1,wairarapa
58,7,Personal Finances,1,wairarapa
59,7,Tutoring / Mentoring,5,wairarapa
2,is_parent,Help At Home,10,wairarapa
9,2,Child Care,1,wairarapa
20,2,Cooking,3,wairarapa
22,2,Housekeeping / Chores,3,wairarapa
25,2,Miscellaneous,2,wairarapa
88,2,Sewing,1,wairarapa
9,is_parent,Home,6,wairarapa
7,9,Garden & Yard Work,4,wairarapa
74,9,Miscellaneous,2,wairarapa
8,is_parent,"Arts, Crafts & Music",0,waitaki
0,is_parent,Business Services,1,waitaki
76,0,Computer Support,1,waitaki
8,0,Miscellaneous,1,waitaki
4,is_parent,Community Activities,0,waitaki
3,is_parent,Companionship,0,waitaki
7,is_parent,Education,0,waitaki
2,is_parent,Help At Home,0,waitaki
9,is_parent,Home,0,waitaki
8,is_parent,"Arts, Crafts & Music",0,wanaka
0,is_parent,Business Services,2,wanaka
76,0,Computer Support,1,wanaka
8,0,Miscellaneous,1,wanaka
4,is_parent,Community Activities,0,wanaka
3,is_parent,Companionship,0,wanaka
7,is_parent,Education,0,wanaka
2,is_parent,Help At Home,1,wanaka
20,2,Cooking & Sewing,1,wanaka
9,is_parent,Home,1,wanaka
74,9,Miscellaneous,1,wanaka
8,is_parent,"Arts, Crafts & Music",16,wellingtonsou
6,8,Classes,4,wellingtonsou
62,8,Crafts,6,wellingtonsou
63,8,Entertainment,1,wellingtonsou
64,8,Lessons,1,wellingtonsou
67,8,Miscellaneous,4,wellingtonsou
65,8,Photo & Video,2,wellingtonsou
0,is_parent,Business Services,8,wellingtonsou
75,0,Clerical,1,wellingtonsou
77,0,Financial,1,wellingtonsou
8,0,Miscellaneous,7,wellingtonsou
80,0,Research,2,wellingtonsou
4,is_parent,Community Activities,7,wellingtonsou
86,4,Group Projects,2,wellingtonsou
36,4,Help Our TimeBank!,1,wellingtonsou
39,4,Miscellaneous,3,wellingtonsou
37,4,Special Projects,1,wellingtonsou
3,is_parent,Companionship,4,wellingtonsou
32,3,Miscellaneous,4,wellingtonsou
7,is_parent,Education,17,wellingtonsou
55,7,Classes / Workshops,8,wellingtonsou
56,7,Computers / Technology,1,wellingtonsou
57,7,Languages / Translation,6,wellingtonsou
60,7,Miscellaneous,5,wellingtonsou
59,7,Tutoring / Mentoring,5,wellingtonsou
2,is_parent,Help At Home,12,wellingtonsou
9,2,Child Care,2,wellingtonsou
88,2,Cooking,4,wellingtonsou
22,2,Housekeeping / Chores,1,wellingtonsou
25,2,Miscellaneous,2,wellingtonsou
23,2,Pet Care,3,wellingtonsou
87,2,Sewing,1,wellingtonsou
9,is_parent,Home,9,wellingtonsou
69,9,Carpentry / Construction,2,wellingtonsou
7,9,Garden & Yard Work,2,wellingtonsou
74,9,Miscellaneous,6,wellingtonsou
73,9,Plumbing,1,wellingtonsou
8,is_parent,"Arts, Crafts & Music",0,westprairievillage
0,is_parent,Business Services,1,westprairievillage
76,0,Computer Support,1,westprairievillage
80,0,Research,1,westprairievillage
4,is_parent,Community Activities,0,westprairievillage
3,is_parent,Companionship,0,westprairievillage
7,is_parent,Education,1,westprairievillage
56,7,Computers / Technology,1,westprairievillage
2,is_parent,Help At Home,0,westprairievillage
9,is_parent,Home,0,westprairievillage
8,is_parent,"Arts, Crafts & Music",9,westseattle
62,8,Crafts,4,westseattle
63,8,Entertainment,1,westseattle
64,8,Lessons,2,westseattle
67,8,Miscellaneous,2,westseattle
65,8,Photo & Video,2,westseattle
0,is_parent,Business Services,13,westseattle
75,0,Clerical,1,westseattle
76,0,Computer Support,4,westseattle
79,0,Marketing,1,westseattle
8,0,Miscellaneous,6,westseattle
80,0,Research,2,westseattle
4,is_parent,Community Activities,10,westseattle
33,4,Clean-up / Recycling,1,westseattle
34,4,Community Service,1,westseattle
86,4,Group Projects,3,westseattle
36,4,Help Our TimeBank!,3,westseattle
37,4,Special Projects,5,westseattle
3,is_parent,Companionship,4,westseattle
28,3,Email / IM,1,westseattle
29,3,Home Visits,1,westseattle
32,3,Miscellaneous,3,westseattle
3,3,Telephone Calls,1,westseattle
7,is_parent,Education,22,westseattle
55,7,Classes / Workshops,5,westseattle
56,7,Computers / Technology,6,westseattle
57,7,Languages / Translation,2,westseattle
60,7,Miscellaneous,4,westseattle
58,7,Personal Finances,2,westseattle
59,7,Tutoring / Mentoring,7,westseattle
2,is_parent,Help At Home,13,westseattle
20,2,Cooking & Sewing,7,westseattle
2,2,Hair & Beauty,2,westseattle
22,2,Housekeeping / Chores,3,westseattle
25,2,Miscellaneous,2,westseattle
23,2,Pet Care,1,westseattle
9,is_parent,Home,6,westseattle
69,9,Carpentry / Construction,1,westseattle
74,9,Miscellaneous,5,westseattle
4,is_parent,Marketing,0,wncw
2,is_parent,Publishing,0,wncw
87,is_parent,Writers Services,0,wncw
8,is_parent,"Arts, Crafts & Music",0,wecompassionatecommunity
0,is_parent,Business Services,0,wecompassionatecommunity
4,is_parent,Community Activities,0,wecompassionatecommunity
3,is_parent,Companionship,0,wecompassionatecommunity
7,is_parent,Education,0,wecompassionatecommunity
87,is_parent,Friendly Visit,0,wecompassionatecommunity
2,is_parent,Help At Home,0,wecompassionatecommunity
9,is_parent,Home,0,wecompassionatecommunity
8,is_parent,"Arts, Crafts & Music",3,york
232,8,Art-related skills swap,1,york
3,8,Classes; art instruction for groups,1,york
7,8,"Crafts, miscellaneous",1,york
24,8,Fiber Arts; crochet and knitting,1,york
6,8,Pottery & Ceramics,1,york
0,is_parent,Business Services,2,york
8,0,Business miscellaneous,1,york
76,0,Computer Support,1,york
32,0,Consulting,1,york
4,is_parent,"Community Activities (see Teams and/or York Community Groups, Pr",0,york
3,is_parent,Companionship,0,york
7,is_parent,Education,1,york
57,7,Languages / Translation,1,york
59,7,Tutoring / Mentoring,1,york
2,is_parent,Help At Home,1,york
69,2,Carpentry / Construction,1,york
70,2,Electrical,1,york
73,2,Plumbing,1,york
